year,P_EXCEPT_LIAB,P_REXCEPT_LIAB,P_KENSHO_EXCEPT_LIAB_KOKU,P_KENSHO_EXP_KOKU_KISO,P_KENSHO_LIAB_KOKU,P_KENSHO_EXP_KISO,P_PREMIUM,P_TOVER,P_MACROR_WORK,P_MACROR_KISO,P_MACROR,P_NPOP_JUKYU_KISO,P_RWAGE,P_EXP_KOKU,P_GRA_KOKU,P_NEXP_KOKU,P_NPOP,P_EXP_KISO,P_NPOP_ICHI,P_NPOP_NI,P_NPOP_SAN,P_RNOHU,P_EXP_KOSEI,P_GRA_KOSEI,P_EXP_KOKKA,P_GRA_KOKKA,P_EXP_CHIHOU,P_EXP_CHIHOU_TAISHOKU,P_EXP_CHIHOU_SHOGAI,P_EXP_CHIHOU_IZOKU,P_GRA_CHIHOU,P_EXP_SHIGAKU,P_EXP_SHIGAKU_TAISHOKU,P_EXP_SHIGAKU_SHOGAI,P_EXP_SHIGAKU_IZOKU,P_GRA_SHIGAKU,P_NEXP_WORK,P_NPOP_65O,P_NPOP_JUKYU_KOSEI,P_NPOP_JUKYU_KOKKA,P_NPOP_JUKYU_CHIHOU,P_NPOP_JUKYU_SHIGAKU,P_NPOP_JUKYU_WORK,P_NPOP_JUKYU_P,P_EXP_KOKU_KISO,P_EXP_WORK_KISO,P_GRA_WORK,P_REV_KOKU,P_MPRE_KOKU,P_REV_KOKKA_KAKE,P_REV_CHIHOU_KAKE,P_REV_KOKKA,P_REV_CHIHOU,P_REV_SHIGAKU,P_REV_KOSEI,P_REV_WORK,P_RPRE_KOSEI,P_INCOME_KOKU,P_INCOME_WORK,P_LIAB_KOKU,P_LIAB_WORK,P_AEXP_KOKU,P_AEXP_WORK,P_BA_KOKU,P_BA_WORK,P_RESERVE_KOKU,P_RESERVE_WORK,P_INVEST,P_REV_OTH_KOKU,P_REV_OTH_WORK,P_RNWAGE,P_REWARD_KOSEI,P_REWARD_KOKKA,P_REWARD_CHIHOU,P_REWARD_SHIGAKU,P_REWARD,P_EXP_OTH_KOKU,P_EXP_OTH_WORK,P_AREV_KOKU,P_AREV_WORK,P_R_NWAGE,P_RNWAGE_H16,P_NPOP_NI_KOSEI,P_NPOP_NI_KOKKA,P_NPOP_NI_CHIHOU,P_NPOP_NI_SHIGAKU,P_NPOP_SAN_KOSEI,P_NPOP_SAN_KOKKA,P_NPOP_SAN_CHIHOU,P_NPOP_SAN_SHIGAKU,P_RNPOP_P,P_ARNPOP_P,P_RMENJO,P_R_OTH_WORK,P_KENSHO_REV_OTH_WORK,P_KENSHO_REV_WORK,P_R_OTH_KOKU,P_KENSHO_REV_OTH_KOKU,P_KENSHO_REV_KOKU,one,P_NPOP_ICHI_SANTEI,P_WAGE_R
1964,NA,NA,NA,NA,NA,NA,NA,NA,NA,NA,NA,NA,NA,NA,NA,NA,NA,NA,NA,NA,NA,NA,NA,NA,NA,NA,NA,NA,NA,NA,NA,NA,NA,NA,NA,NA,NA,NA,NA,NA,NA,NA,NA,NA,NA,NA,NA,NA,NA,NA,NA,NA,NA,NA,NA,NA,NA,NA,NA,NA,NA,NA,NA,NA,NA,NA,NA,NA,NA,NA,NA,NA,NA,NA,NA,NA,NA,NA,NA,NA,NA,NA,NA,NA,NA,NA,NA,NA,NA,NA,NA,NA,NA,NA,NA,NA,NA,NA,NA,1,NA,NA
1965,NA,NA,NA,NA,NA,NA,NA,NA,NA,NA,NA,NA,NA,NA,NA,NA,NA,NA,NA,NA,NA,NA,NA,NA,NA,NA,NA,NA,NA,NA,NA,NA,NA,NA,NA,NA,NA,NA,NA,NA,NA,NA,NA,NA,NA,NA,NA,NA,NA,NA,NA,NA,NA,NA,NA,NA,NA,NA,NA,NA,NA,NA,NA,NA,NA,NA,NA,NA,NA,NA,NA,NA,NA,NA,NA,NA,NA,NA,NA,NA,NA,NA,NA,NA,NA,NA,NA,NA,NA,NA,NA,NA,NA,NA,NA,NA,NA,NA,NA,1,NA,NA
1966,NA,NA,NA,NA,NA,NA,NA,NA,NA,NA,NA,NA,NA,NA,NA,NA,NA,NA,NA,NA,NA,NA,NA,NA,NA,NA,NA,NA,NA,NA,NA,NA,NA,NA,NA,NA,NA,NA,NA,NA,NA,NA,NA,NA,NA,NA,NA,NA,NA,NA,NA,NA,NA,NA,NA,NA,NA,NA,NA,NA,NA,NA,NA,NA,NA,NA,NA,NA,NA,NA,NA,NA,NA,NA,NA,NA,NA,NA,NA,NA,NA,NA,NA,NA,NA,NA,NA,NA,NA,NA,NA,NA,NA,NA,NA,NA,NA,NA,NA,1,NA,NA
1967,NA,NA,NA,NA,NA,NA,NA,NA,NA,NA,NA,NA,NA,NA,NA,NA,NA,NA,NA,NA,NA,NA,NA,NA,NA,NA,NA,NA,NA,NA,NA,NA,NA,NA,NA,NA,NA,NA,NA,NA,NA,NA,NA,NA,NA,NA,NA,NA,NA,NA,NA,NA,NA,NA,NA,NA,NA,NA,NA,NA,NA,NA,NA,NA,NA,NA,NA,NA,NA,NA,NA,NA,NA,NA,NA,NA,NA,NA,NA,NA,NA,NA,NA,NA,NA,NA,NA,NA,NA,NA,NA,NA,NA,NA,NA,NA,NA,NA,NA,1,NA,NA
1968,NA,NA,NA,NA,NA,NA,NA,NA,NA,NA,NA,NA,NA,NA,NA,NA,NA,NA,NA,NA,NA,NA,NA,NA,NA,NA,NA,NA,NA,NA,NA,NA,NA,NA,NA,NA,NA,NA,NA,NA,NA,NA,NA,NA,NA,NA,NA,NA,NA,NA,NA,NA,NA,NA,NA,NA,NA,NA,NA,NA,NA,NA,NA,NA,NA,NA,NA,NA,NA,NA,NA,NA,NA,NA,NA,NA,NA,NA,NA,NA,NA,NA,NA,NA,NA,NA,NA,NA,NA,NA,NA,NA,NA,NA,NA,NA,NA,NA,NA,1,NA,NA
1969,NA,NA,NA,NA,NA,NA,NA,NA,NA,NA,NA,NA,NA,NA,NA,NA,NA,NA,NA,NA,NA,NA,NA,NA,NA,NA,NA,NA,NA,NA,NA,NA,NA,NA,NA,NA,NA,NA,NA,NA,NA,NA,NA,NA,NA,NA,NA,NA,NA,NA,NA,NA,NA,NA,NA,NA,NA,NA,NA,NA,NA,NA,NA,NA,NA,NA,NA,NA,NA,NA,NA,NA,NA,NA,NA,NA,NA,NA,NA,NA,NA,NA,NA,NA,NA,NA,NA,NA,NA,NA,NA,NA,NA,NA,NA,NA,NA,NA,NA,1,NA,NA
1970,NA,NA,NA,NA,NA,NA,NA,NA,NA,NA,NA,NA,NA,NA,NA,NA,NA,NA,NA,NA,NA,NA,NA,NA,NA,NA,NA,NA,NA,NA,NA,NA,NA,NA,NA,NA,NA,NA,NA,NA,NA,NA,NA,NA,NA,NA,NA,NA,NA,NA,NA,NA,NA,NA,NA,NA,NA,NA,NA,NA,NA,NA,NA,NA,NA,NA,NA,NA,NA,NA,NA,NA,NA,NA,NA,NA,NA,NA,NA,NA,NA,NA,NA,NA,NA,NA,NA,NA,NA,NA,NA,NA,NA,NA,NA,NA,NA,NA,NA,1,NA,NA
1971,NA,NA,NA,NA,NA,NA,NA,NA,NA,NA,NA,NA,NA,NA,NA,NA,NA,NA,NA,NA,NA,NA,NA,NA,NA,NA,NA,NA,NA,NA,NA,NA,NA,NA,NA,NA,NA,NA,NA,NA,NA,NA,NA,NA,NA,NA,NA,NA,NA,NA,NA,NA,NA,NA,NA,NA,NA,NA,NA,NA,NA,NA,NA,NA,NA,NA,NA,NA,NA,NA,NA,NA,NA,NA,NA,NA,NA,NA,NA,NA,NA,NA,NA,NA,NA,NA,NA,NA,NA,NA,NA,NA,NA,NA,NA,NA,NA,NA,NA,1,NA,NA
1972,NA,NA,NA,NA,NA,NA,NA,NA,NA,NA,NA,NA,NA,NA,NA,NA,NA,NA,NA,NA,NA,NA,NA,NA,NA,NA,NA,NA,NA,NA,NA,NA,NA,NA,NA,NA,NA,NA,NA,NA,NA,NA,NA,NA,NA,NA,NA,NA,NA,NA,NA,NA,NA,NA,NA,NA,NA,NA,NA,NA,NA,NA,NA,NA,NA,NA,NA,NA,NA,NA,NA,NA,NA,NA,NA,NA,NA,NA,NA,NA,NA,NA,NA,NA,NA,NA,NA,NA,NA,NA,NA,NA,NA,NA,NA,NA,NA,NA,NA,1,NA,NA
1973,NA,NA,NA,NA,NA,NA,NA,NA,NA,NA,NA,NA,NA,NA,NA,NA,NA,NA,NA,NA,NA,NA,NA,NA,NA,NA,NA,NA,NA,NA,NA,NA,NA,NA,NA,NA,NA,NA,NA,NA,NA,NA,NA,NA,NA,NA,NA,NA,NA,NA,NA,NA,NA,NA,NA,NA,NA,NA,NA,NA,NA,NA,NA,NA,NA,NA,NA,NA,NA,NA,NA,NA,NA,NA,NA,NA,NA,NA,NA,NA,NA,NA,NA,NA,NA,NA,NA,NA,NA,NA,NA,NA,NA,NA,NA,NA,NA,NA,NA,1,NA,NA
1974,NA,NA,NA,NA,NA,NA,NA,NA,NA,NA,NA,NA,NA,NA,NA,NA,NA,NA,NA,NA,NA,NA,NA,NA,NA,NA,NA,NA,NA,NA,NA,NA,NA,NA,NA,NA,NA,NA,NA,NA,NA,NA,NA,NA,NA,NA,NA,NA,NA,NA,NA,NA,NA,NA,NA,NA,NA,NA,NA,NA,NA,NA,NA,NA,NA,NA,NA,NA,NA,NA,NA,NA,NA,NA,NA,NA,NA,NA,NA,NA,NA,NA,NA,NA,NA,NA,NA,NA,NA,NA,NA,NA,NA,NA,NA,NA,NA,NA,NA,1,NA,NA
1975,NA,NA,NA,NA,NA,NA,NA,NA,NA,NA,NA,NA,NA,NA,NA,NA,NA,NA,NA,NA,NA,NA,NA,NA,NA,NA,NA,NA,NA,NA,NA,NA,NA,NA,NA,NA,NA,NA,NA,NA,NA,NA,NA,NA,NA,NA,NA,NA,NA,NA,NA,NA,NA,NA,NA,NA,NA,NA,NA,NA,NA,NA,NA,NA,NA,NA,NA,NA,NA,NA,NA,NA,NA,NA,NA,NA,NA,NA,NA,NA,NA,NA,NA,NA,NA,NA,NA,NA,NA,NA,NA,NA,NA,NA,NA,NA,NA,NA,NA,1,NA,NA
1976,NA,NA,NA,NA,NA,NA,NA,NA,NA,NA,NA,NA,NA,NA,NA,NA,NA,NA,NA,NA,NA,NA,NA,NA,NA,NA,NA,NA,NA,NA,NA,NA,NA,NA,NA,NA,NA,NA,NA,NA,NA,NA,NA,NA,NA,NA,NA,NA,NA,NA,NA,NA,NA,NA,NA,NA,NA,NA,NA,NA,NA,NA,NA,NA,NA,NA,NA,NA,NA,NA,NA,NA,NA,NA,NA,NA,NA,NA,NA,NA,NA,NA,NA,NA,NA,NA,NA,NA,NA,NA,NA,NA,NA,NA,NA,NA,NA,NA,NA,1,NA,NA
1977,NA,NA,NA,NA,NA,NA,NA,NA,NA,NA,NA,NA,NA,NA,NA,NA,NA,NA,NA,NA,NA,NA,NA,NA,NA,NA,NA,NA,NA,NA,NA,NA,NA,NA,NA,NA,NA,NA,NA,NA,NA,NA,NA,NA,NA,NA,NA,NA,NA,NA,NA,NA,NA,NA,NA,NA,NA,NA,NA,NA,NA,NA,NA,NA,NA,NA,NA,NA,NA,NA,NA,NA,NA,NA,NA,NA,NA,NA,NA,NA,NA,NA,NA,NA,NA,NA,NA,NA,NA,NA,NA,NA,NA,NA,NA,NA,NA,NA,NA,1,NA,NA
1978,NA,NA,NA,NA,NA,NA,NA,NA,NA,NA,NA,NA,NA,NA,NA,NA,NA,NA,NA,NA,NA,NA,NA,NA,NA,NA,NA,NA,NA,NA,NA,NA,NA,NA,NA,NA,NA,NA,NA,NA,NA,NA,NA,NA,NA,NA,NA,NA,NA,NA,NA,NA,NA,NA,NA,NA,NA,NA,NA,NA,NA,NA,NA,NA,NA,NA,NA,NA,NA,NA,NA,NA,NA,NA,NA,NA,NA,NA,NA,NA,NA,NA,NA,NA,NA,NA,NA,NA,NA,NA,NA,NA,NA,NA,NA,NA,NA,NA,NA,1,NA,NA
1979,NA,NA,NA,NA,NA,NA,NA,NA,NA,NA,NA,NA,NA,NA,NA,NA,NA,NA,NA,NA,NA,NA,NA,NA,NA,NA,NA,NA,NA,NA,NA,NA,NA,NA,NA,NA,NA,NA,NA,NA,NA,NA,NA,NA,NA,NA,NA,NA,NA,NA,NA,NA,NA,NA,NA,NA,NA,NA,NA,NA,NA,NA,NA,NA,NA,NA,NA,NA,NA,NA,NA,NA,NA,NA,NA,NA,NA,NA,NA,NA,NA,NA,NA,NA,NA,NA,NA,NA,NA,NA,NA,NA,NA,NA,NA,NA,NA,NA,NA,1,NA,NA
1980,NA,NA,NA,NA,NA,NA,NA,NA,NA,NA,NA,NA,NA,NA,NA,NA,NA,NA,NA,NA,NA,NA,NA,NA,NA,NA,NA,NA,NA,NA,NA,NA,NA,NA,NA,NA,NA,NA,NA,NA,NA,NA,NA,NA,NA,NA,NA,NA,NA,NA,NA,NA,NA,NA,NA,NA,NA,NA,NA,NA,NA,NA,NA,NA,NA,NA,NA,NA,NA,NA,NA,NA,NA,NA,NA,NA,NA,NA,NA,NA,NA,NA,NA,NA,NA,NA,NA,NA,NA,NA,NA,NA,NA,NA,NA,NA,NA,NA,NA,1,NA,NA
1981,NA,NA,NA,NA,NA,NA,NA,NA,NA,NA,NA,NA,NA,NA,NA,NA,NA,NA,NA,NA,NA,NA,NA,NA,NA,NA,NA,NA,NA,NA,NA,NA,NA,NA,NA,NA,NA,NA,NA,NA,NA,NA,NA,NA,NA,NA,NA,NA,NA,NA,NA,NA,NA,NA,NA,NA,NA,NA,NA,NA,NA,NA,NA,NA,NA,NA,NA,NA,NA,NA,NA,NA,NA,NA,NA,NA,NA,NA,NA,NA,NA,NA,NA,NA,NA,NA,NA,NA,NA,NA,NA,NA,NA,NA,NA,NA,NA,NA,NA,1,NA,NA
1982,NA,NA,NA,NA,NA,NA,NA,NA,NA,NA,NA,NA,NA,NA,NA,NA,NA,NA,NA,NA,NA,NA,NA,NA,NA,NA,NA,NA,NA,NA,NA,NA,NA,NA,NA,NA,NA,NA,NA,NA,NA,NA,NA,NA,NA,NA,NA,NA,NA,NA,NA,NA,NA,NA,NA,NA,NA,NA,NA,NA,NA,NA,NA,NA,NA,NA,NA,NA,NA,NA,NA,NA,NA,NA,NA,NA,NA,NA,NA,NA,NA,NA,NA,NA,NA,NA,NA,NA,NA,NA,NA,NA,NA,NA,NA,NA,NA,NA,NA,1,NA,NA
1983,NA,NA,NA,NA,NA,NA,NA,NA,NA,NA,NA,NA,NA,NA,NA,NA,NA,NA,NA,NA,NA,NA,NA,NA,NA,NA,NA,NA,NA,NA,NA,NA,NA,NA,NA,NA,NA,NA,NA,NA,NA,NA,NA,NA,NA,NA,NA,NA,NA,NA,NA,NA,NA,NA,NA,NA,NA,NA,NA,NA,NA,NA,NA,NA,NA,NA,NA,NA,NA,NA,NA,NA,NA,NA,NA,NA,NA,NA,NA,NA,NA,NA,NA,NA,NA,NA,NA,NA,NA,NA,NA,NA,NA,NA,NA,NA,NA,NA,NA,1,NA,NA
1984,NA,NA,NA,NA,NA,NA,NA,NA,NA,NA,NA,NA,NA,NA,NA,NA,NA,NA,NA,NA,NA,NA,NA,NA,NA,NA,NA,NA,NA,NA,NA,NA,NA,NA,NA,NA,NA,NA,NA,NA,NA,NA,NA,NA,NA,NA,NA,NA,NA,NA,NA,NA,NA,NA,NA,NA,NA,NA,NA,NA,NA,NA,NA,NA,NA,NA,NA,NA,NA,NA,NA,NA,NA,NA,NA,NA,NA,NA,NA,NA,NA,NA,NA,NA,NA,NA,NA,NA,NA,NA,NA,NA,NA,NA,NA,NA,NA,NA,NA,1,NA,NA
1985,NA,NA,NA,NA,NA,NA,NA,NA,NA,NA,NA,NA,NA,NA,NA,NA,NA,NA,NA,NA,NA,NA,NA,NA,NA,NA,NA,NA,NA,NA,NA,NA,NA,NA,NA,NA,NA,NA,NA,NA,NA,NA,NA,NA,NA,NA,NA,NA,NA,NA,NA,NA,NA,NA,NA,NA,NA,NA,NA,NA,NA,NA,NA,NA,NA,NA,NA,NA,NA,NA,NA,NA,NA,NA,NA,NA,NA,NA,NA,NA,NA,NA,NA,NA,NA,NA,NA,NA,NA,NA,NA,NA,NA,NA,NA,NA,NA,NA,NA,1,NA,NA
1986,NA,NA,NA,NA,NA,NA,NA,NA,NA,NA,NA,NA,NA,NA,NA,NA,NA,NA,NA,NA,NA,NA,NA,NA,NA,NA,NA,NA,NA,NA,NA,NA,NA,NA,NA,NA,NA,NA,NA,NA,NA,NA,NA,NA,NA,NA,NA,NA,NA,NA,NA,NA,NA,NA,NA,NA,NA,NA,NA,NA,NA,NA,NA,NA,NA,NA,NA,NA,NA,NA,NA,NA,NA,NA,NA,NA,NA,NA,NA,NA,NA,NA,NA,NA,NA,NA,NA,NA,NA,NA,NA,NA,NA,NA,NA,NA,NA,NA,NA,1,NA,NA
1987,NA,NA,NA,NA,NA,NA,NA,NA,NA,NA,NA,NA,NA,NA,NA,NA,NA,NA,NA,NA,NA,NA,NA,NA,NA,NA,NA,NA,NA,NA,NA,NA,NA,NA,NA,NA,NA,NA,NA,NA,NA,NA,NA,NA,NA,NA,NA,NA,7400,NA,NA,NA,NA,NA,NA,NA,124,NA,NA,NA,NA,NA,NA,NA,NA,NA,NA,NA,NA,NA,NA,241299,NA,NA,NA,NA,NA,NA,NA,NA,NA,NA,NA,NA,NA,NA,NA,NA,NA,NA,NA,NA,NA,NA,NA,NA,NA,NA,NA,1,NA,NA
1988,NA,NA,NA,NA,NA,NA,NA,NA,NA,NA,NA,NA,NA,NA,NA,NA,NA,NA,NA,NA,NA,NA,NA,NA,NA,NA,NA,NA,NA,NA,NA,NA,NA,NA,NA,NA,NA,NA,NA,NA,NA,NA,NA,NA,NA,NA,NA,NA,7700,NA,NA,NA,NA,NA,NA,NA,124,NA,NA,NA,NA,NA,NA,NA,NA,NA,NA,NA,NA,NA,NA,248667,NA,NA,NA,NA,NA,NA,NA,NA,NA,NA,NA,NA,NA,NA,NA,NA,NA,NA,NA,NA,NA,NA,NA,NA,NA,NA,NA,1,NA,NA
1989,NA,NA,NA,NA,NA,NA,NA,NA,NA,NA,NA,11041572,NA,3071318164,2991732418,NA,NA,6310993743,17799439,NA,11788023,84.7,9628350303,1819435821,1195035563,136924538,NA,2390397932,43875721,270295933,249536380,NA,69515998,1536452,10951858,29020937,NA,14297000,9919263,635770,1350932,97316,NA,NA,NA,NA,NA,1284127086,8000,291878843,824406201,NA,NA,123373768,10490993235,NA,124,NA,NA,NA,NA,NA,NA,NA,NA,NA,NA,NA,NA,NA,NA,261839,311157,281291,290692,NA,NA,NA,NA,NA,NA,NA,29921063,1140400,3351792,384013,NA,NA,NA,NA,NA,NA,12.5,NA,NA,NA,NA,NA,NA,1,NA,NA
1990,NA,NA,NA,NA,NA,NA,NA,NA,NA,NA,NA,11362258,NA,3172816242,3041094315,NA,NA,7062153393,17191454,NA,11956348,85.2,10503093202,2212159617,1277760166,158030636,NA,2549531924,44241351,297777585,368622279,NA,86785895,1535413,12110567,27371567,NA,14833200,10519264,662708,1414652,115753,NA,NA,NA,NA,NA,1305263581,8400,335453253,1002835834,NA,NA,144561740,13050692259,NA,143,NA,NA,NA,NA,NA,NA,NA,NA,NA,NA,NA,NA,NA,NA,273684,332247,294183,302599,NA,NA,NA,NA,NA,NA,NA,30997056,1123009,3359021,373312,NA,NA,NA,NA,NA,NA,12.6,NA,NA,NA,NA,NA,NA,1,NA,NA
1991,NA,NA,NA,NA,NA,NA,NA,NA,NA,NA,NA,12027663,NA,3264977036,3276870663,NA,NA,7749620470,18172831,NA,12049899,85.7,11322974252,2292094372,1352994348,174417303,NA,2719016581,44412742,328276578,424511117,NA,97347367,1556862,13397599,31305359,NA,15629040,11092132,685451,1479975,124158,NA,NA,NA,NA,NA,1450500979,9000,349079748,1047759442,NA,NA,154011403,14214107462,NA,145,NA,NA,NA,NA,NA,NA,NA,NA,NA,NA,NA,NA,NA,NA,284362,339950,306817,315351,NA,NA,NA,NA,NA,NA,NA,31959272,1128678,3371621,381010,NA,NA,NA,NA,NA,NA,14,NA,NA,NA,NA,NA,NA,1,NA,NA
1992,NA,NA,NA,NA,NA,NA,NA,NA,NA,NA,NA,12758632,NA,3276256016,3266672758,NA,NA,8626503148,18148830,NA,12112336,85.7,12146046864,2500992909,1422625107,186810709,NA,2886525984,44409669,362373277,462892826,NA,105675108,1570694,14866900,26758862,NA,16302950,11802501,706818,1542003,132282,NA,NA,NA,NA,NA,1541601348,9700,361769107,1086673472,NA,NA,162873096,14955010820,NA,145,NA,NA,NA,NA,NA,NA,NA,NA,NA,NA,NA,NA,NA,NA,291145,351401,316496,330101,NA,NA,NA,NA,NA,NA,NA,32493114,1126944,3386823,387979,NA,NA,NA,NA,NA,NA,14.7,NA,NA,NA,NA,NA,NA,1,NA,NA
1993,NA,NA,NA,NA,NA,NA,NA,NA,NA,NA,NA,13559376,NA,3234282537,3158727986,NA,NA,9374363837,18263285,NA,12163366,85.5,12905548419,2679277163,1474021784,193584216,NA,3004241643,43119713,394872139,462350472,NA,112849789,1623322,16250218,26744254,NA,16842600,12535103,726219,1600137,140333,NA,NA,NA,NA,NA,1646593800,10500,373162505,1119817118,NA,NA,170289182,15347646538,NA,145,NA,NA,NA,NA,NA,NA,NA,NA,NA,NA,NA,NA,NA,NA,295125,360400,323292,340651,NA,NA,NA,NA,NA,NA,NA,32650669,1123132,3401479,393744,NA,NA,NA,NA,NA,NA,15,NA,NA,NA,NA,NA,NA,1,NA,NA
1994,NA,NA,NA,NA,NA,NA,NA,NA,NA,NA,NA,14312013,NA,3218343124,3132806722,NA,NA,9969537126,18413351,NA,12194611,85.3,13827699018,2509285636,1529707637,206438444,NA,3137760691,42013740,431238321,473610272,NA,122066923,1712541,17809985,29374359,NA,17629230,13273231,745621,1654245,148460,NA,NA,NA,NA,NA,1729584598,11100,399120850,1201191885,NA,NA,177791373,16339805453,NA,145,NA,NA,NA,NA,NA,NA,NA,NA,NA,NA,NA,NA,NA,NA,305092,371116,333398,349531,NA,NA,NA,NA,NA,NA,NA,33211010,1124276,3406139,397757,NA,NA,NA,NA,NA,NA,16.8,NA,NA,NA,NA,NA,NA,1,NA,NA
1995,NA,NA,NA,NA,NA,NA,NA,NA,NA,NA,NA,15152290,NA,3219324948,3186849547,NA,NA,11007281538,18746838,NA,12200575,84.5,15041281893,2568888248,1600453517,218842954,NA,3296865898,41728466,473417298,527576282,NA,132316363,1631774,19655778,29480088,NA,18207650,14448035,777691,1747074,175316,NA,NA,NA,NA,NA,1825122108,11700,451780596,1360369672,NA,NA,206584901,18693281717,NA,165,NA,NA,NA,NA,NA,NA,NA,NA,NA,NA,NA,NA,NA,NA,309070,378364,338811,356371,NA,NA,NA,NA,NA,NA,NA,33275212,1121122,3401630,399603,NA,NA,NA,NA,NA,NA,17.6,NA,NA,NA,NA,NA,NA,1,NA,NA
1996,NA,NA,NA,NA,NA,NA,NA,NA,NA,NA,NA,16010203,NA,3104236013,3039463490,NA,NA,11624524010,18999601,NA,12015182,82.9,15689025510,2549117021,1611679544,220861001,NA,3332324466,40636751,502343837,537065981,NA,139166005,1668307,20853765,29123305,NA,19004860,15239181,793556,1792994,187655,NA,NA,NA,NA,NA,1920898183,12300,471274957,1408046244,NA,NA,212673536,19370602672,NA,165,NA,NA,NA,NA,NA,NA,NA,NA,NA,NA,NA,NA,NA,NA,312909,384762,344458,362455,NA,NA,NA,NA,NA,NA,NA,33462460,1120155,3396957,400820,NA,NA,NA,NA,NA,NA,17.6,NA,NA,NA,NA,NA,NA,1,NA,NA
1997,NA,NA,NA,NA,NA,NA,NA,NA,NA,NA,NA,16987365,NA,2978332277,2843476557,NA,NA,12023413093,19247171,NA,11948713,79.6,17289476764,2549335521,1624037351,219366161,NA,3362326594,39336313,531122558,520825910,NA,145375512,1673520,22183664,28462083,NA,19808690,16812679,810117,1847915,196339,NA,NA,NA,NA,NA,1945339236,12800,489179706,1473162615,NA,NA,223813330,20683172557,NA,173.5,NA,NA,NA,NA,NA,NA,NA,NA,NA,NA,NA,NA,NA,NA,316881,389580,349158,368427,NA,NA,NA,NA,NA,NA,NA,33467745,1117919,3384335,401390,NA,NA,NA,NA,NA,NA,18.6,NA,NA,NA,NA,NA,NA,1,NA,NA
1998,NA,NA,NA,NA,NA,NA,NA,NA,NA,NA,NA,17871389,NA,2893294830,2782606841,NA,NA,12789440718,20111668,NA,11818113,76.6,18282366795,2495194693,1651671159,220127287,NA,3441779804,38983769,567041915,503467167,NA,153792786,1682705,23748791,27723144,NA,20491380,17678928,823336,1897501,205165,NA,NA,NA,NA,NA,1971602603,13300,492401006,1487723530,NA,NA,228136940,20615075449,NA,173.5,NA,NA,NA,NA,NA,NA,NA,NA,NA,NA,NA,NA,NA,NA,316186,396170,353784,373086,NA,NA,NA,NA,NA,NA,NA,32956551,1106895,3363204,403006,NA,NA,NA,NA,NA,NA,19.9,NA,NA,NA,NA,NA,NA,1,NA,NA
1999,NA,NA,NA,NA,NA,NA,NA,NA,NA,NA,NA,18794678,NA,2778099151,2674773497,NA,NA,13384088098,20877588,NA,11686255,74.5,18736442631,2303639745,1660776585,215639261,NA,3474686013,38553286,600347553,495581154,NA,159273690,1720481,25282232,26173795,NA,21157230,18570603,835416,1941584,215062,NA,NA,NA,NA,NA,2002526984,13300,496402574,1496501155,NA,NA,231473021,20209855227,NA,173.5,NA,NA,NA,NA,NA,NA,NA,NA,NA,NA,NA,NA,NA,NA,315353,401510,356890,376634,NA,NA,NA,NA,NA,NA,NA,32481408,1102536,3342368,403954,NA,NA,NA,NA,NA,NA,21.2,NA,NA,NA,NA,NA,NA,1,NA,NA
2000,NA,NA,NA,NA,NA,NA,NA,NA,NA,NA,NA,19736770,NA,2645403018,2570129176,NA,NA,13773612320,21246771,NA,11530686,73,19154365996,1957354774,1680029241,208331109,NA,3474529962,37754786,626939737,479621258,NA,165571400,1796218,26701548,24483378,NA,21958890,19528744,861585,1984185,224588,NA,NA,NA,NA,NA,1967840647,13300,509191730,1484459141,NA,NA,235083812,20051216759,NA,173.5,NA,NA,NA,NA,NA,NA,NA,NA,NA,NA,NA,NA,NA,NA,318688,409542,359743,378558,NA,NA,NA,NA,NA,NA,NA,32192494,1115505,3287432,405819,NA,NA,NA,NA,NA,NA,23.7,NA,NA,NA,NA,NA,NA,1,NA,NA
2001,NA,NA,NA,NA,NA,NA,NA,NA,NA,NA,NA,20668965,NA,2513268392,2424546596,NA,NA,14073985570,21774826,NA,11333658,70.9,19622797727,1556579221,1686719980,199347277,NA,3506216290,37213776,653674318,454478153,NA,172345112,1808912,28023682,23227216,NA,22912200,20558557,883146,2048583,235257,NA,NA,NA,NA,NA,1953759943,13300,511292018,1483453744,NA,NA,238449346,19935986552,NA,173.5,NA,NA,NA,NA,NA,NA,NA,NA,NA,NA,NA,NA,NA,NA,318679,411788,361115,379665,NA,NA,NA,NA,NA,NA,NA,31575928,1106872,3263578,408218,NA,NA,NA,NA,NA,NA,24,NA,NA,NA,NA,NA,NA,1,NA,NA
2002,NA,NA,NA,NA,NA,NA,NA,NA,NA,NA,NA,21652589,NA,2381898322,2277134154,NA,NA,14599252017,22064406,NA,11235853,62.8,20346570347,1424025239,1685207997,193492342,NA,3509443823,36693644,680583110,424927758,NA,179814349,1897400,29446045,21812705,NA,23576400,21979649,906490,2109455,245888,NA,NA,NA,NA,NA,1895793250,13300,505336108,1474097917,NA,NA,250836719,20203364573,NA,173.5,NA,NA,NA,NA,NA,NA,NA,NA,NA,NA,NA,NA,NA,NA,314489,405921,357232,379681,NA,NA,NA,NA,NA,NA,NA,32144195,1098794,3238417,428768,NA,NA,NA,NA,NA,NA,18.1,NA,NA,NA,NA,NA,NA,1,NA,NA
2003,NA,NA,NA,NA,NA,NA,NA,NA,NA,NA,NA,22543518,NA,2229305316,2153429366,NA,NA,15217342059,22077392,NA,11094121,63.4,20814004846,1392064117,1684914721,183281330,NA,3520178286,36396267,702496844,394630246,NA,185827241,1924458,30662513,20313609,NA,24247800,23147746,933166,2174278,258174,NA,NA,NA,NA,NA,1962655695,13300,510656402,1471784661,NA,NA,265836192,19242533981,NA,135.8,NA,NA,NA,NA,NA,NA,NA,NA,NA,NA,NA,NA,NA,NA,313893,402216,353039,391079,NA,NA,NA,NA,NA,NA,NA,32120748,1087842,3214447,434387,NA,NA,NA,NA,NA,NA,19.9,NA,NA,NA,NA,NA,NA,1,NA,NA
2004,NA,NA,NA,NA,NA,NA,NA,NA,NA,NA,NA,23431323,NA,2088781846,2007558385,NA,NA,16008480202,21827909,NA,10993436,63.6,21538042126,1606020560,1677860198,172862456,NA,3514499318,36291354,725008691,391006795,NA,191160377,2020379,31967737,18995867,NA,24899550,24232672,962259,2239631,270985,NA,NA,NA,NA,NA,1935433644,13300,509820585,1478755155,NA,NA,268009073,19453699614,NA,135.8,NA,NA,NA,NA,NA,NA,NA,NA,NA,NA,NA,NA,NA,NA,313679,406133,350502,380025,NA,NA,NA,NA,NA,NA,NA,32491043,1082841,3178816,441538,NA,NA,NA,NA,NA,NA,21,NA,NA,NA,NA,NA,NA,1,NA,NA
2005,NA,NA,NA,NA,NA,NA,NA,NA,NA,NA,NA,24393056,NA,1952710849,1876340729,NA,NA,17015919585,21576319,NA,10922338,67.1,21986252822,1947360790,1669280291,164015495,NA,3503345930,36334731,749608500,371780740,NA,195476057,2074854,33348875,17774293,NA,25681368,25109878,984127,2289298,280763,NA,NA,NA,NA,NA,1948001962,13580,512913254,1498022957,NA,NA,278884210,20058431607,NA,139.34,NA,NA,NA,NA,NA,NA,NA,NA,NA,NA,NA,NA,NA,NA,313204,408446,350406,380307,NA,NA,NA,NA,NA,NA,NA,33021689,1078765,3136561,448064,NA,NA,NA,NA,NA,NA,24.9,NA,NA,NA,NA,NA,NA,1,NA,NA
2006,NA,NA,NA,NA,NA,NA,NA,0.0351,NA,NA,NA,25419830,NA,1814902434,1710800985,NA,NA,17705776919,20910767,NA,10789000,66.3,22254094134,1998917430,1668638136,155206272,NA,3505193402,36188478,771553837,334233978,NA,200726605,2077049,34609780,15693821,NA,26576160,26155333,1008953,2345195,293355,NA,NA,NA,NA,NA,1903806222,13860,515619171,1509883193,NA,NA,291757687,20983460903,NA,142.88,NA,NA,NA,NA,NA,NA,NA,NA,NA,NA,NA,NA,NA,NA,312703,409228,348948,379425,NA,NA,NA,NA,NA,NA,NA,33794056,1073269,3097055,457558,NA,NA,NA,NA,NA,NA,25.3,NA,NA,NA,NA,NA,NA,1,NA,NA
2007,NA,NA,NA,NA,NA,NA,NA,-0.0463,NA,NA,NA,26387421,NA,1686246522,1577223564,NA,NA,18393446483,20014692,NA,10627609,63.9,22317936607,1883214010,1673370481,144622252,NA,3519768673,36024025,792729696,311914681,NA,206048887,2150592,35899962,14632038,NA,27470765,27501985,1045563,2435602,309391,NA,NA,NA,NA,NA,1858172724,14100,516513148,1514336591,NA,NA,304887005,21969091516,NA,146.42,NA,NA,NA,NA,NA,NA,NA,NA,NA,NA,NA,NA,NA,NA,312258,412818,348730,380191,NA,NA,NA,NA,NA,NA,NA,34570097,1055044,3056803,463966,NA,NA,NA,NA,NA,NA,25.8,NA,NA,NA,NA,NA,NA,1,NA,NA
2008,NA,NA,NA,NA,NA,NA,NA,-0.0737,NA,NA,NA,27432615,NA,1577937572,1486257716,NA,NA,19252535898,19660815,NA,10436098,62.1,22687018202,1879726427,1673624007,135018697,NA,3543823443,35768901,810615458,291172410,NA,211380332,2250499,37120233,14566401,NA,28219932,29072132,1093688,2542767,328688,NA,NA,NA,NA,NA,1746998597,14410,520837784,1505540620,NA,NA,318984488,22690520774,NA,149.96,NA,NA,NA,NA,NA,NA,NA,NA,NA,NA,NA,NA,NA,NA,312813,414944,344530,380390,NA,NA,NA,NA,NA,NA,NA,34444751,1050673,3019610,472032,NA,NA,NA,NA,NA,NA,26.5,NA,NA,NA,NA,NA,NA,1,NA,NA
2009,NA,NA,NA,NA,NA,NA,NA,0.1244,NA,NA,NA,28286327,NA,1477278281,1353360748,NA,NA,20187541416,19507367,NA,10209325,60,23846744476,1993542786,1677505764,126067574,NA,3606597813,35437123,825952834,275147255,NA,217246744,2360935,38290889,12543421,NA,29072280,30580584,1138514,2645495,347841,NA,NA,NA,NA,NA,1694961062,14660,515322688,1471689551,NA,NA,329949771,22240912828,NA,153.5,NA,NA,NA,NA,NA,NA,NA,NA,NA,NA,NA,NA,NA,NA,304173,409961,338044,379444,NA,NA,NA,NA,NA,NA,NA,34247566,1040716,2984676,478214,NA,NA,NA,NA,NA,NA,27.4,NA,NA,NA,NA,NA,NA,1,NA,NA
2010,NA,NA,NA,NA,NA,NA,NA,-0.0095,NA,NA,NA,28857396,NA,1338603987,1303994049,NA,128057,20536472495,19037636,NA,10046212,59.3,24009238858,1822549972,1681726826,112980877,NA,3666877295,34926275,840272627,257165379,NA,225248427,2438316,39366200,10179531,NA,29453110,31981605,1178227,2742075,370420,NA,NA,NA,NA,NA,1671654366,15100,513612072,1458822783,NA,NA,341945065,22725242598,NA,157.04,NA,NA,NA,NA,NA,NA,NA,NA,NA,NA,NA,NA,NA,NA,305715,408480,329372,378776,NA,NA,NA,NA,NA,NA,NA,34411013,1052092,2954827,484776,NA,NA,NA,NA,NA,NA,29,NA,NA,NA,NA,NA,NA,1,NA,NA
2011,NA,NA,NA,NA,NA,NA,NA,0.0251,NA,NA,NA,29649424,NA,1188441730,1152929450,NA,127753,20900301038,18717052,NA,9777986,58.6,23734167134,1963865713,1666456122,103066922,NA,3684927935,34550686,850530800,236042888,NA,228914786,2506317,40338057,8753418,NA,29777167,33034272,1210045,2829811,389127,NA,NA,NA,NA,NA,1580681470,15020,525624002,1472594718,NA,NA,354899644,23469880247,NA,160.58,NA,NA,NA,NA,NA,NA,NA,NA,NA,NA,NA,NA,NA,NA,304589,410533,326469,377432,NA,NA,NA,NA,NA,NA,NA,34514836,1056221,2931381,492367,NA,NA,NA,NA,NA,NA,30.4,NA,NA,NA,NA,NA,NA,1,NA,NA
2012,NA,NA,NA,NA,NA,NA,NA,0.0998,NA,NA,1,30853354,NA,1058971798,862887765,NA,127498,21256778080,18343664,NA,9602130,59,23862691668,1750680004,1663497619,89855325,NA,3733919578,33937641,856831236,243842880,NA,236011619,2499558,41288807,5960536,NA,30794873,34052528,1242510,2914572,409276,NA,NA,NA,NA,NA,1612399121,14980,517907510,1487235365,NA,NA,367493584,24154939094,NA,164.12,NA,NA,NA,NA,NA,NA,NA,NA,NA,NA,NA,NA,NA,NA,306131,396209,324393,376570,NA,NA,NA,NA,NA,NA,NA,34717319,1057476,2842467,498771,8408294,362854,740038,90944,NA,NA,32,NA,NA,NA,NA,NA,NA,1,NA,NA
2013,NA,NA,NA,NA,NA,NA,NA,0.0848,NA,NA,NA,29808573,NA,1012598000,783543000,NA,127247,19913560000,17884346,NA,9453590,60.9,24325037000,1100467000,1621578915,85206856,NA,3672223982,33598806,850833970,183596478,NA,241970656,2575298,42106658,7865238,NA,31900879,34555265,1245195,2832445,420842,NA,NA,34239,15031044120,NA,1617761496,15040,526385742,1473276501,NA,NA,381266359.8,25047243143,NA,167.66,NA,NA,2111918518,NA,NA,NA,NA,NA,10.964,176.593,NA,0.012286387,0.27180253,NA,306282,397802,317048,375184,NA,0.107686892,0.111598077,NA,NA,NA,NA,34764515,1051277,2833173,506532,8388888,330142,727442,81225,NA,NA,34.1,NA,NA,NA,NA,NA,NA,1,NA,NA
2014,NA,NA,NA,3.779106146,2.087477464,21.82832314,NA,NA,NA,NA,NA,NA,NA,NA,NA,NA,126949,NA,17584029,NA,NA,61,NA,NA,NA,NA,NA,NA,NA,NA,NA,NA,NA,NA,NA,NA,NA,31971000,NA,NA,NA,NA,NA,NA,NA,NA,NA,NA,16100,NA,NA,NA,NA,NA,NA,NA,17.474,NA,NA,NA,NA,NA,NA,NA,NA,NA,NA,0.0134,NA,NA,NA,NA,NA,NA,NA,177.4645321,0.08010326,0.14005045,NA,NA,NA,NA,34810253,1045104,2825924,514331,8255682,321685,703400,80341,NA,NA,34.1,NA,0.205749068,30.47126222,NA,0.008606494,1.560418747,1,8.505278821,NA
2015,NA,NA,NA,3.850977213,2.131224795,22.62035833,NA,NA,NA,NA,NA,NA,NA,NA,NA,NA,126597,NA,17248775,NA,NA,62,NA,NA,NA,NA,NA,NA,NA,NA,NA,NA,NA,NA,NA,NA,NA,33080000,NA,NA,NA,NA,NA,NA,NA,NA,NA,NA,16380,NA,NA,NA,NA,NA,NA,NA,17.828,NA,NA,NA,NA,NA,NA,NA,NA,NA,NA,0.0188,NA,NA,NA,NA,NA,NA,NA,180.8962763,NA,NA,NA,NA,NA,NA,34889748,1041989,2817504,522336,8127428,314118,681374,79611,NA,NA,34.1,NA,0.318741425,31.7004805,NA,0.020795338,1.555745473,1,8.293573401,NA
2016,NA,NA,NA,3.894440614,2.16029689,23.3309767,NA,NA,NA,NA,NA,NA,NA,NA,NA,NA,126193,NA,16860058,NA,NA,63,NA,NA,NA,NA,NA,NA,NA,NA,NA,NA,NA,NA,NA,NA,NA,33952000,NA,NA,NA,NA,NA,NA,NA,NA,NA,NA,16660,NA,NA,NA,NA,NA,NA,NA,18.182,NA,NA,NA,NA,NA,NA,NA,NA,NA,NA,0.0217,NA,NA,NA,NA,NA,NA,NA,185.8754308,NA,NA,NA,NA,NA,NA,35199885,1038453,2807939,533611,7923353,303155,655458,78376,NA,NA,34.1,NA,0.293685619,33.23093191,NA,0.020604777,1.576034442,1,8.068072981,NA
2017,NA,NA,NA,3.972990077,2.206441897,23.91730847,NA,NA,NA,NA,NA,NA,NA,NA,NA,NA,125739,NA,16593345,NA,NA,64,NA,NA,NA,NA,NA,NA,NA,NA,NA,NA,NA,NA,NA,NA,NA,34640000,NA,NA,NA,NA,NA,NA,NA,NA,NA,NA,16900,NA,NA,NA,NA,NA,NA,NA,18.3,NA,NA,NA,NA,NA,NA,NA,NA,NA,NA,0.0257,NA,NA,NA,NA,NA,NA,NA,192.0221599,NA,NA,NA,NA,NA,NA,35245017,1034502,2797271,542102,7795804,295138,638316,77530,NA,NA,34.1,NA,0.292325499,34.81711796,NA,0.020659098,1.616069734,1,8.005064205,NA
2018,NA,NA,NA,4.041034209,2.246418047,24.32774504,NA,NA,NA,NA,NA,NA,NA,NA,NA,NA,125236,NA,16328901,NA,NA,65,NA,NA,NA,NA,NA,NA,NA,NA,NA,NA,NA,NA,NA,NA,NA,35182000,NA,NA,NA,NA,NA,NA,NA,NA,NA,NA,16900,NA,NA,NA,NA,NA,NA,NA,18.3,NA,NA,NA,NA,NA,NA,NA,NA,NA,NA,0.0308,NA,NA,NA,NA,NA,NA,NA,199.2187043,NA,NA,NA,NA,NA,NA,35282679,1030173,2785562,550817,7658862,287149,621508,76721,NA,NA,34.1,NA,0.289171408,36.32235058,NA,0.020512921,1.644009064,1,7.976524476,NA
2019,NA,NA,NA,4.081844857,2.274078872,24.83985735,NA,NA,NA,NA,NA,NA,NA,NA,NA,NA,124689,NA,16065961,NA,NA,65,NA,NA,NA,NA,NA,NA,NA,NA,NA,NA,NA,NA,NA,NA,NA,35596000,NA,NA,NA,NA,NA,NA,NA,NA,NA,NA,16900,NA,NA,NA,NA,NA,NA,NA,18.3,NA,NA,NA,NA,NA,NA,NA,NA,NA,NA,0.0355,NA,NA,NA,NA,NA,NA,NA,206.892283,NA,NA,NA,NA,NA,NA,35340640,1025492,2772901,555743,7526597,279097,606446,75840,NA,NA,34.1,NA,0.285485095,37.76964458,NA,0.020132758,1.641323604,1,7.830891332,NA
2020,NA,NA,NA,4.135324732,2.309141463,25.37746875,NA,NA,NA,NA,NA,NA,NA,NA,NA,NA,124100,NA,15844331,NA,NA,65,NA,NA,NA,NA,NA,NA,NA,NA,NA,NA,NA,NA,NA,NA,NA,35877000,NA,NA,NA,NA,NA,NA,NA,NA,NA,NA,16900,NA,NA,NA,NA,NA,NA,NA,18.3,NA,NA,NA,NA,NA,NA,NA,NA,NA,NA,0.0395,NA,NA,NA,NA,NA,NA,NA,214.9997517,NA,NA,NA,NA,NA,NA,35369420,1020481,2759358,559744,7400812,271918,592982,75003,NA,NA,34.1,NA,0.272062283,39.26217894,NA,0.019203012,1.651376846,1,7.707498354,NA
2021,NA,NA,NA,4.199618884,2.350392124,25.91267308,NA,NA,NA,NA,NA,NA,NA,NA,NA,NA,123474,NA,15650926,NA,NA,65,NA,NA,NA,NA,NA,NA,NA,NA,NA,NA,NA,NA,NA,NA,NA,36124000,NA,NA,NA,NA,NA,NA,NA,NA,NA,NA,16900,NA,NA,NA,NA,NA,NA,NA,18.3,NA,NA,NA,NA,NA,NA,NA,NA,NA,NA,0.0432,NA,NA,NA,NA,NA,NA,NA,223.2601268,NA,NA,NA,NA,NA,NA,35366636,1015182,2745022,562746,7273050,264890,581037,74171,NA,NA,34.1,NA,0.258609933,40.78383636,NA,0.018279319,1.676467957,1,7.605112814,NA
2022,NA,NA,NA,4.265616591,2.393064923,26.43192666,NA,NA,NA,NA,NA,NA,NA,NA,NA,NA,122813,NA,15439500,NA,NA,65,NA,NA,NA,NA,NA,NA,NA,NA,NA,NA,NA,NA,NA,NA,NA,36290000,NA,NA,NA,NA,NA,NA,NA,NA,NA,NA,16900,NA,NA,NA,NA,NA,NA,NA,18.3,NA,NA,NA,NA,NA,NA,NA,NA,NA,NA,0.0464,NA,NA,NA,NA,NA,NA,NA,231.9659346,NA,NA,NA,NA,NA,NA,35368912,1009618,2729954,564695,7134279,257420,569621,73266,NA,NA,34.1,NA,0.24292797,42.38815743,NA,0.017221283,1.713643125,1,7.506282175,NA
2023,NA,NA,NA,4.333729318,2.437423219,26.96805366,NA,NA,NA,NA,NA,NA,NA,NA,NA,NA,122122,NA,15218018,NA,NA,65,NA,NA,NA,NA,NA,NA,NA,NA,NA,NA,NA,NA,NA,NA,NA,36356000,NA,NA,NA,NA,NA,NA,NA,NA,NA,NA,16900,NA,NA,NA,NA,NA,NA,NA,18.3,NA,NA,NA,NA,NA,NA,NA,NA,NA,NA,0.0489,NA,NA,NA,NA,NA,NA,NA,241.2028211,NA,NA,NA,NA,NA,NA,35362332,1003797,2714235,565557,6995187,250308,559754,72365,NA,NA,34.1,NA,0.228231516,44.09089748,NA,0.016194324,1.754205927,1,7.402256985,NA
2024,NA,NA,NA,4.403987034,2.483562371,27.54255814,NA,NA,NA,NA,NA,NA,NA,NA,NA,NA,121403,NA,14950010,NA,NA,65,NA,NA,NA,NA,NA,NA,NA,NA,NA,NA,NA,NA,NA,NA,NA,36436000,NA,NA,NA,NA,NA,NA,NA,NA,NA,NA,16900,NA,NA,NA,NA,NA,NA,NA,18.3,NA,NA,NA,NA,NA,NA,NA,NA,NA,NA,0.0509,NA,NA,NA,NA,NA,NA,NA,250.8217313,NA,NA,NA,NA,NA,NA,35340811,997764,2697929,565311,6844703,243756,549264,71439,NA,NA,34.1,NA,0.214819977,45.86486229,NA,0.015213199,1.792896268,1,7.282959053,NA
2025,NA,NA,NA,4.470274739,2.52801099,28.11573002,NA,NA,NA,NA,NA,NA,NA,NA,NA,NA,120659,NA,14683776,NA,NA,65,NA,NA,NA,NA,NA,NA,NA,NA,NA,NA,NA,NA,NA,NA,NA,36529000,NA,NA,NA,NA,NA,NA,NA,NA,NA,NA,16900,NA,NA,NA,NA,NA,NA,NA,18.3,NA,NA,NA,NA,NA,NA,NA,NA,NA,NA,0.0522,NA,NA,NA,NA,NA,NA,NA,260.9097837,NA,NA,NA,NA,NA,NA,35316374,991534,2681081,558666,6701981,238082,540333,70042,NA,NA,34.1,NA,0.056198625,47.72610975,NA,0.003105323,1.831325853,1,7.153025606,NA
2026,NA,NA,NA,4.542400086,2.575846482,28.69995426,NA,NA,NA,NA,NA,NA,NA,NA,NA,NA,119891,NA,14488442,NA,NA,65,NA,NA,NA,NA,NA,NA,NA,NA,NA,NA,NA,NA,NA,NA,NA,36573000,NA,NA,NA,NA,NA,NA,NA,NA,NA,NA,16900,NA,NA,NA,NA,NA,NA,NA,18.3,NA,NA,NA,NA,NA,NA,NA,NA,NA,NA,0.053,NA,NA,NA,NA,NA,NA,NA,271.3738298,NA,NA,NA,NA,NA,NA,35289429,985119,2663735,553890,6576318,232746,533305,68835,NA,NA,34.1,NA,0.049287035,49.65745639,NA,0.002723415,1.875378452,1,7.041525198,NA
2027,NA,NA,NA,4.624719325,2.629630852,29.29960511,NA,NA,NA,NA,NA,NA,NA,NA,NA,NA,119102,NA,14219373,NA,NA,65,NA,NA,NA,NA,NA,NA,NA,NA,NA,NA,NA,NA,NA,NA,NA,36584000,NA,NA,NA,NA,NA,NA,NA,NA,NA,NA,16900,NA,NA,NA,NA,NA,NA,NA,18.3,NA,NA,NA,NA,NA,NA,NA,NA,NA,NA,0.0536,NA,NA,NA,NA,NA,NA,NA,282.1023153,NA,NA,NA,NA,NA,NA,35234350,978531,2645921,548961,6414941,226684,523676,67487,NA,NA,34.1,NA,0.040705378,51.62450557,NA,0.002249225,1.924501865,1,6.936472299,NA
2028,NA,NA,NA,4.709278946,2.68547146,29.94303576,NA,NA,NA,NA,NA,NA,NA,NA,NA,NA,118293,NA,13941658,NA,NA,65,NA,NA,NA,NA,NA,NA,NA,NA,NA,NA,NA,NA,NA,NA,NA,36597000,NA,NA,NA,NA,NA,NA,NA,NA,NA,NA,16900,NA,NA,NA,NA,NA,NA,NA,18.3,NA,NA,NA,NA,NA,NA,NA,NA,NA,NA,0.054,NA,NA,NA,NA,NA,NA,NA,292.8991355,NA,NA,NA,NA,NA,NA,35143705,971779,2627670,543337,6249052,220362,514775,65986,NA,NA,34.1,NA,0.03211182,53.60054181,NA,0.001774377,1.968557662,1,6.805207565,NA
2029,NA,NA,NA,4.79867454,2.744922604,30.65077191,NA,NA,NA,NA,NA,NA,NA,NA,NA,NA,117465,NA,13640604,NA,NA,65,NA,NA,NA,NA,NA,NA,NA,NA,NA,NA,NA,NA,NA,NA,NA,36640000,NA,NA,NA,NA,NA,NA,NA,NA,NA,NA,16900,NA,NA,NA,NA,NA,NA,NA,18.3,NA,NA,NA,NA,NA,NA,NA,NA,NA,NA,0.054,NA,NA,NA,NA,NA,NA,NA,303.9196245,NA,NA,NA,NA,NA,NA,35054056,964873,2608992,538390,6088234,214672,505949,64507,NA,NA,34.1,NA,0.02615617,55.61729129,NA,0.001445291,2.010908827,1,6.664766846,NA
2030,NA,NA,NA,4.903536543,2.813318906,31.41611619,NA,NA,NA,NA,NA,NA,NA,NA,NA,NA,116618,NA,13384774,NA,NA,65,NA,NA,NA,NA,NA,NA,NA,NA,NA,NA,NA,NA,NA,NA,NA,36701000,NA,NA,NA,NA,NA,NA,NA,NA,NA,NA,16900,NA,NA,NA,NA,NA,NA,NA,18.3,NA,NA,NA,NA,NA,NA,NA,NA,NA,NA,0.054,NA,NA,NA,NA,NA,NA,NA,314.8650058,NA,NA,NA,NA,NA,NA,34837082,957818,2589906,530580,5953764,210297,499960,63089,NA,NA,34.1,NA,0.020751596,57.62029606,NA,0.001146654,2.055494489,1,6.532470141,NA
2031,NA,NA,NA,5.03646623,2.896538483,32.23805527,NA,NA,NA,NA,NA,NA,NA,NA,NA,NA,115752,NA,13175054,NA,NA,65,NA,NA,NA,NA,NA,NA,NA,NA,NA,NA,NA,NA,NA,NA,NA,36849000,NA,NA,NA,NA,NA,NA,NA,NA,NA,NA,16900,NA,NA,NA,NA,NA,NA,NA,18.3,NA,NA,NA,NA,NA,NA,NA,NA,NA,NA,0.054,NA,NA,NA,NA,NA,NA,NA,325.1693917,NA,NA,NA,NA,NA,NA,34471148,950606,2570425,522678,5836174,206947,495931,61919,NA,NA,34.1,NA,0.016248019,59.50599869,NA,0.000897804,2.10675647,1,6.421199935,NA
2032,NA,NA,NA,5.202964067,2.998228612,33.22444094,NA,NA,NA,NA,NA,NA,NA,NA,NA,NA,114870,NA,12929406,NA,NA,65,NA,NA,NA,NA,NA,NA,NA,NA,NA,NA,NA,NA,NA,NA,NA,36673000,NA,NA,NA,NA,NA,NA,NA,NA,NA,NA,16900,NA,NA,NA,NA,NA,NA,NA,18.3,NA,NA,NA,NA,NA,NA,NA,NA,NA,NA,0.054,NA,NA,NA,NA,NA,NA,NA,335.0979003,NA,NA,NA,NA,NA,NA,34078860,943260,2550559,513932,5709192,203308,491384,60534,NA,NA,34.1,NA,0.012001274,61.32291575,NA,0.000663145,2.160320657,1,6.313481688,NA
2033,NA,NA,NA,5.393158041,3.114470108,34.40724252,NA,NA,NA,NA,NA,NA,NA,NA,NA,NA,113970,NA,12666283,NA,NA,65,NA,NA,NA,NA,NA,NA,NA,NA,NA,NA,NA,NA,NA,NA,NA,36848000,NA,NA,NA,NA,NA,NA,NA,NA,NA,NA,16900,NA,NA,NA,NA,NA,NA,NA,18.3,NA,NA,NA,NA,NA,NA,NA,NA,NA,NA,0.054,NA,NA,NA,NA,NA,NA,NA,345.0635043,NA,NA,NA,NA,NA,NA,33665419,935774,2530327,502653,5583444,199907,487018,58870,NA,NA,34.1,NA,0.008354687,63.14662128,NA,0.000461648,2.209913777,1,6.191169714,NA
2034,NA,NA,NA,5.582601423,3.231416234,35.61495426,NA,NA,NA,NA,NA,NA,NA,NA,NA,NA,113054,NA,12404306,NA,NA,65,NA,NA,NA,NA,NA,NA,NA,NA,NA,NA,NA,NA,NA,NA,NA,37013000,NA,NA,NA,NA,NA,NA,NA,NA,NA,NA,16900,NA,NA,NA,NA,NA,NA,NA,18.3,NA,NA,NA,NA,NA,NA,NA,NA,NA,NA,0.054,NA,NA,NA,NA,NA,NA,NA,355.1141708,NA,NA,NA,NA,NA,NA,33226009,928163,2509748,491982,5466121,197208,483096,57267,NA,NA,34.1,NA,0.005751514,64.98589325,NA,0.000317807,2.257633124,1,6.063836534,NA
2035,NA,NA,NA,5.771915968,3.349249914,36.84052042,NA,NA,NA,NA,NA,NA,NA,NA,NA,NA,112124,NA,12159831,NA,NA,65,NA,NA,NA,NA,NA,NA,NA,NA,NA,NA,NA,NA,NA,NA,NA,37203000,NA,NA,NA,NA,NA,NA,NA,NA,NA,NA,16900,NA,NA,NA,NA,NA,NA,NA,18.3,NA,NA,NA,NA,NA,NA,NA,NA,NA,NA,0.054,NA,NA,NA,NA,NA,NA,NA,365.3621132,NA,NA,NA,NA,NA,NA,32775012,920440,2488835,481045,5366014,195377,480222,55688,NA,NA,34.1,NA,0.004056218,66.86126671,NA,0.000224131,2.30660188,1,5.94037524,NA
2036,NA,NA,NA,5.963715468,3.469535558,38.11404277,NA,NA,NA,NA,NA,NA,NA,NA,NA,NA,111179,NA,11907133,NA,NA,65,NA,NA,NA,NA,NA,NA,NA,NA,NA,NA,NA,NA,NA,NA,NA,37407000,NA,NA,NA,NA,NA,NA,NA,NA,NA,NA,16900,NA,NA,NA,NA,NA,NA,NA,18.3,NA,NA,NA,NA,NA,NA,NA,NA,NA,NA,0.054,NA,NA,NA,NA,NA,NA,NA,375.9412006,NA,NA,NA,NA,NA,NA,32323954,912594,2467624,470337,5279193,193841,477557,54167,NA,NA,34.1,NA,0.002919053,68.79723972,NA,0.000161296,2.3568465,1,5.8198943,NA
2037,NA,NA,NA,6.159237759,3.592768693,39.44603696,NA,NA,NA,NA,NA,NA,NA,NA,NA,NA,110220,NA,11659105,NA,NA,65,NA,NA,NA,NA,NA,NA,NA,NA,NA,NA,NA,NA,NA,NA,NA,37651000,NA,NA,NA,NA,NA,NA,NA,NA,NA,NA,16900,NA,NA,NA,NA,NA,NA,NA,18.3,NA,NA,NA,NA,NA,NA,NA,NA,NA,NA,0.054,NA,NA,NA,NA,NA,NA,NA,386.711014,NA,NA,NA,NA,NA,NA,31830305,904640,2446124,460342,5196275,192375,474818,52715,NA,NA,34.1,NA,0.001482042,70.76811556,NA,8.19E-05,2.407124543,1,5.699079056,NA
2038,NA,NA,NA,6.361334214,3.72038102,40.82312248,NA,NA,NA,NA,NA,NA,NA,NA,NA,NA,109250,NA,11422952,NA,NA,65,NA,NA,NA,NA,NA,NA,NA,NA,NA,NA,NA,NA,NA,NA,NA,37931000,NA,NA,NA,NA,NA,NA,NA,NA,NA,NA,16900,NA,NA,NA,NA,NA,NA,NA,18.3,NA,NA,NA,NA,NA,NA,NA,NA,NA,NA,0.054,NA,NA,NA,NA,NA,NA,NA,397.6070692,NA,NA,NA,NA,NA,NA,31329162,896586,2424369,451220,5117317,191055,471708,51364,NA,NA,34.1,NA,0.00076605,72.76209367,NA,4.23E-05,2.458857745,1,5.581952205,NA
2039,NA,NA,NA,6.564036145,3.84885617,42.19253503,NA,NA,NA,NA,NA,NA,NA,NA,NA,NA,108268,NA,11205024,NA,NA,65,NA,NA,NA,NA,NA,NA,NA,NA,NA,NA,NA,NA,NA,NA,NA,38239000,NA,NA,NA,NA,NA,NA,NA,NA,NA,NA,16900,NA,NA,NA,NA,NA,NA,NA,18.3,NA,NA,NA,NA,NA,NA,NA,NA,NA,NA,0.054,NA,NA,NA,NA,NA,NA,NA,408.8043167,NA,NA,NA,NA,NA,NA,30831832,888459,2402360,443037,5042669,189959,468356,50116,NA,NA,34.1,NA,0.000511861,74.81118996,NA,2.83E-05,2.513557065,1,5.471511664,NA
2040,NA,NA,NA,6.758518247,3.972876799,43.48598759,NA,NA,NA,NA,NA,NA,NA,NA,NA,NA,107276,NA,11008965,NA,NA,65,NA,NA,NA,NA,NA,NA,NA,NA,NA,NA,NA,NA,NA,NA,NA,38508000,NA,NA,NA,NA,NA,NA,NA,NA,NA,NA,16900,NA,NA,NA,NA,NA,NA,NA,18.3,NA,NA,NA,NA,NA,NA,NA,NA,NA,NA,0.054,NA,NA,NA,NA,NA,NA,NA,420.3857578,NA,NA,NA,NA,NA,NA,30338442,880240,2380154,435777,4974762,188964,465012,49007,NA,NA,34.1,NA,0.000376921,76.93059368,NA,2.08E-05,2.57277721,1,5.370373499,NA
2041,NA,NA,NA,6.941313628,4.09029871,44.67353782,NA,NA,NA,NA,NA,NA,NA,NA,NA,NA,106275,NA,10824174,NA,NA,65,NA,NA,NA,NA,NA,NA,NA,NA,NA,NA,NA,NA,NA,NA,NA,38678000,NA,NA,NA,NA,NA,NA,NA,NA,NA,NA,16900,NA,NA,NA,NA,NA,NA,NA,18.3,NA,NA,NA,NA,NA,NA,NA,NA,NA,NA,0.054,NA,NA,NA,NA,NA,NA,NA,432.3472001,NA,NA,NA,NA,NA,NA,29848199,871957,2357765,429359,4909961,187940,461583,48014,NA,NA,34.1,NA,0.000282778,79.11953761,NA,1.56E-05,2.636907917,1,5.278126301,NA
2042,NA,NA,NA,7.117185106,4.203650219,45.7979205,NA,NA,NA,NA,NA,NA,NA,NA,NA,NA,105267,NA,10640974,NA,NA,65,NA,NA,NA,NA,NA,NA,NA,NA,NA,NA,NA,NA,NA,NA,NA,38769000,NA,NA,NA,NA,NA,NA,NA,NA,NA,NA,16900,NA,NA,NA,NA,NA,NA,NA,18.3,NA,NA,NA,NA,NA,NA,NA,NA,NA,NA,0.054,NA,NA,NA,NA,NA,NA,NA,444.6525159,NA,NA,NA,NA,NA,NA,29363735,863623,2335222,423680,4842742,186877,457541,47114,NA,NA,34.1,NA,0.000202177,81.37141041,NA,1.12E-05,2.704050993,1,5.189791393,NA
2043,NA,NA,NA,7.291331863,4.315933782,46.89910348,NA,NA,NA,NA,NA,NA,NA,NA,NA,NA,104253,NA,10463365,NA,NA,65,NA,NA,NA,NA,NA,NA,NA,NA,NA,NA,NA,NA,NA,NA,NA,38782000,NA,NA,NA,NA,NA,NA,NA,NA,NA,NA,16900,NA,NA,NA,NA,NA,NA,NA,18.3,NA,NA,NA,NA,NA,NA,NA,NA,NA,NA,0.054,NA,NA,NA,NA,NA,NA,NA,457.2945446,NA,NA,NA,NA,NA,NA,28889293,855242,2312557,418600,4773713,185644,452755,46293,NA,NA,34.1,NA,0.000126437,83.68490165,NA,6.99E-06,2.77304624,1,5.103005728,NA
2044,NA,NA,NA,7.554225452,4.480082875,48.55908927,NA,NA,NA,NA,NA,NA,NA,NA,NA,NA,103233,NA,10299374,NA,NA,65,NA,NA,NA,NA,NA,NA,NA,NA,NA,NA,NA,NA,NA,NA,NA,38759000,NA,NA,NA,NA,NA,NA,NA,NA,NA,NA,16900,NA,NA,NA,NA,NA,NA,NA,18.3,NA,NA,NA,NA,NA,NA,NA,NA,NA,NA,0.054,NA,NA,NA,NA,NA,NA,NA,470.3522693,NA,NA,NA,NA,NA,NA,28433681,846826,2289795,413972,4706443,184273,447731,45550,NA,NA,34.1,NA,7.19E-05,86.07446528,NA,3.97E-06,2.845173938,1,5.020288876,NA
2045,NA,NA,NA,7.861770521,4.669883711,50.49020581,NA,NA,NA,NA,NA,NA,NA,NA,NA,NA,102210,NA,10151441,NA,NA,65,NA,NA,NA,NA,NA,NA,NA,NA,NA,NA,NA,NA,NA,NA,NA,38676000,NA,NA,NA,NA,NA,NA,NA,NA,NA,NA,16900,NA,NA,NA,NA,NA,NA,NA,18.3,NA,NA,NA,NA,NA,NA,NA,NA,NA,NA,0.054,NA,NA,NA,NA,NA,NA,NA,483.9497235,NA,NA,NA,NA,NA,NA,28001802,838382,2266968,409644,4645248,183009,442314,44912,NA,NA,34.1,NA,4.85E-05,88.5627994,NA,2.68E-06,2.922282654,1,4.944391445,NA
2046,NA,NA,NA,8.179329554,4.864988316,52.46385813,NA,NA,NA,NA,NA,NA,NA,NA,NA,NA,101185,NA,10018171,NA,NA,65,NA,NA,NA,NA,NA,NA,NA,NA,NA,NA,NA,NA,NA,NA,NA,38564000,NA,NA,NA,NA,NA,NA,NA,NA,NA,NA,16900,NA,NA,NA,NA,NA,NA,NA,18.3,NA,NA,NA,NA,NA,NA,NA,NA,NA,NA,0.054,NA,NA,NA,NA,NA,NA,NA,498.1206154,NA,NA,NA,NA,NA,NA,27590877,829924,2244103,405464,4587955,181786,436616,44341,NA,NA,34.1,NA,3.14E-05,91.15607262,NA,1.73E-06,3.005333811,1,4.875956735,NA
2047,NA,NA,NA,8.510033029,5.067742453,54.49008634,NA,NA,NA,NA,NA,NA,NA,NA,NA,NA,100158,NA,9896005,NA,NA,65,NA,NA,NA,NA,NA,NA,NA,NA,NA,NA,NA,NA,NA,NA,NA,38398000,NA,NA,NA,NA,NA,NA,NA,NA,NA,NA,16900,NA,NA,NA,NA,NA,NA,NA,18.3,NA,NA,NA,NA,NA,NA,NA,NA,NA,NA,0.054,NA,NA,NA,NA,NA,NA,NA,512.8232598,NA,NA,NA,NA,NA,NA,27193930,821453,2221205,401322,4531202,180299,430175,43789,NA,NA,34.1,NA,1.99E-05,93.84665654,NA,1.10E-06,3.094370988,1,4.814049608,NA
2048,NA,NA,NA,8.859142806,5.281083628,56.60508354,NA,NA,NA,NA,NA,NA,NA,NA,NA,NA,99131,NA,9778164,NA,NA,65,NA,NA,NA,NA,NA,NA,NA,NA,NA,NA,NA,NA,NA,NA,NA,38225000,NA,NA,NA,NA,NA,NA,NA,NA,NA,NA,16900,NA,NA,NA,NA,NA,NA,NA,18.3,NA,NA,NA,NA,NA,NA,NA,NA,NA,NA,0.054,NA,NA,NA,NA,NA,NA,NA,527.9813475,NA,NA,NA,NA,NA,NA,26808898,812980,2198300,397130,4471790,178660,423538,43258,NA,NA,34.1,NA,1.01E-05,96.62058659,NA,5.57E-07,3.188332587,1,4.756146608,NA
2049,NA,NA,NA,9.223086746,5.50289143,58.79387876,NA,NA,NA,NA,NA,NA,NA,NA,NA,NA,98103,NA,9678177,NA,NA,65,NA,NA,NA,NA,NA,NA,NA,NA,NA,NA,NA,NA,NA,NA,NA,38057000,NA,NA,NA,NA,NA,NA,NA,NA,NA,NA,16900,NA,NA,NA,NA,NA,NA,NA,18.3,NA,NA,NA,NA,NA,NA,NA,NA,NA,NA,0.054,NA,NA,NA,NA,NA,NA,NA,543.6517924,NA,NA,NA,NA,NA,NA,26441335,804508,2175394,392843,4416757,176850,416622,42750,NA,NA,34.1,NA,5.36E-06,99.488278,NA,2.96E-07,3.287560496,1,4.702406275,NA
2050,NA,NA,NA,9.598608055,5.731139567,61.02329779,NA,NA,NA,NA,NA,NA,NA,NA,NA,NA,97076,NA,9583958,NA,NA,65,NA,NA,NA,NA,NA,NA,NA,NA,NA,NA,NA,NA,NA,NA,NA,37881000,NA,NA,NA,NA,NA,NA,NA,NA,NA,NA,16900,NA,NA,NA,NA,NA,NA,NA,18.3,NA,NA,NA,NA,NA,NA,NA,NA,NA,NA,0.054,NA,NA,NA,NA,NA,NA,NA,559.9115479,NA,NA,NA,NA,NA,NA,26090521,796041,2152489,388435,4366081,175067,410234,42290,NA,NA,34.1,NA,3.53E-06,102.4638133,NA,1.95E-07,3.393972108,1,4.655074356,NA
2051,NA,NA,NA,9.98170482,5.963668661,63.28159191,NA,NA,NA,NA,NA,NA,NA,NA,NA,NA,96048,NA,9487244,NA,NA,65,NA,NA,NA,NA,NA,NA,NA,NA,NA,NA,NA,NA,NA,NA,NA,37676000,NA,NA,NA,NA,NA,NA,NA,NA,NA,NA,16900,NA,NA,NA,NA,NA,NA,NA,18.3,NA,NA,NA,NA,NA,NA,NA,NA,NA,NA,0.054,NA,NA,NA,NA,NA,NA,NA,576.6893563,NA,NA,NA,NA,NA,NA,25749968,787572,2129582,383903,4312153,173328,404113,41858,NA,NA,34.1,NA,2.29E-06,105.5341522,NA,1.26E-07,3.504766368,1,4.609046534,NA
2052,NA,NA,NA,10.37233244,6.200629332,65.57386791,NA,NA,NA,NA,NA,NA,NA,NA,NA,NA,95021,NA,9387096,NA,NA,65,NA,NA,NA,NA,NA,NA,NA,NA,NA,NA,NA,NA,NA,NA,NA,37430000,NA,NA,NA,NA,NA,NA,NA,NA,NA,NA,16900,NA,NA,NA,NA,NA,NA,NA,18.3,NA,NA,NA,NA,NA,NA,NA,NA,NA,NA,0.054,NA,NA,NA,NA,NA,NA,NA,593.9236159,NA,NA,NA,NA,NA,NA,25417003,779096,2106668,379252,4253892,171375,398119,41407,NA,NA,34.1,NA,8.60E-07,108.6880217,NA,4.75E-08,3.617969682,1,4.561736884,NA
2053,NA,NA,NA,10.77267686,6.443325745,67.92244908,NA,NA,NA,NA,NA,NA,NA,NA,NA,NA,93993,NA,9288160,NA,NA,65,NA,NA,NA,NA,NA,NA,NA,NA,NA,NA,NA,NA,NA,NA,NA,37171000,NA,NA,NA,NA,NA,NA,NA,NA,NA,NA,16900,NA,NA,NA,NA,NA,NA,NA,18.3,NA,NA,NA,NA,NA,NA,NA,NA,NA,NA,0.054,NA,NA,NA,NA,NA,NA,NA,611.6164359,NA,NA,NA,NA,NA,NA,25089205,770618,2083746,374497,4195646,169318,392404,40955,NA,NA,34.1,NA,2.94E-07,111.9258078,NA,1.62E-08,3.733677238,1,4.513542715,NA
2054,NA,NA,NA,11.18222118,6.691468078,70.32316437,NA,NA,NA,NA,NA,NA,NA,NA,NA,NA,92964,NA,9169471,NA,NA,65,NA,NA,NA,NA,NA,NA,NA,NA,NA,NA,NA,NA,NA,NA,NA,36891000,NA,NA,NA,NA,NA,NA,NA,NA,NA,NA,16900,NA,NA,NA,NA,NA,NA,NA,18.3,NA,NA,NA,NA,NA,NA,NA,NA,NA,NA,0.054,NA,NA,NA,NA,NA,NA,NA,629.698651,NA,NA,NA,NA,NA,NA,24766512,762132,2060795,369650,4130031,167247,387117,40514,NA,NA,34.1,NA,3.38E-08,115.2348531,NA,1.87E-09,3.849990899,1,4.462068628,NA
2055,NA,NA,NA,11.58901247,6.938424638,72.73380567,NA,NA,NA,NA,NA,NA,NA,NA,NA,NA,91933,NA,9069327,NA,NA,65,NA,NA,NA,NA,NA,NA,NA,NA,NA,NA,NA,NA,NA,NA,NA,36585000,NA,NA,NA,NA,NA,NA,NA,NA,NA,NA,16900,NA,NA,NA,NA,NA,NA,NA,18.3,NA,NA,NA,NA,NA,NA,NA,NA,NA,NA,0.054,NA,NA,NA,NA,NA,NA,NA,648.301291,NA,NA,NA,NA,NA,NA,24453034,753623,2037802,364723,4071535,165162,382123,40060,NA,NA,34.1,NA,0,118.6391362,NA,0,3.966863358,1,4.407797988,NA
2056,NA,NA,NA,12.00933942,7.192970117,75.20540581,NA,NA,NA,NA,NA,NA,NA,NA,NA,NA,90901,NA,8957554,NA,NA,65,NA,NA,NA,NA,NA,NA,NA,NA,NA,NA,NA,NA,NA,NA,NA,36257000,NA,NA,NA,NA,NA,NA,NA,NA,NA,NA,16900,NA,NA,NA,NA,NA,NA,NA,18.3,NA,NA,NA,NA,NA,NA,NA,NA,NA,NA,0.054,NA,NA,NA,NA,NA,NA,NA,667.5054414,NA,NA,NA,NA,NA,NA,24145753,745102,2014744,359735,4009899,163062,377434,39608,NA,NA,34.1,NA,0,122.1534958,NA,0,4.089717301,1,4.357300902,NA
2057,NA,NA,NA,12.44201993,7.454923286,77.78413813,NA,NA,NA,NA,NA,NA,NA,NA,NA,NA,89865,NA,8843297,NA,NA,65,NA,NA,NA,NA,NA,NA,NA,NA,NA,NA,NA,NA,NA,NA,NA,35916000,NA,NA,NA,NA,NA,NA,NA,NA,NA,NA,16900,NA,NA,NA,NA,NA,NA,NA,18.3,NA,NA,NA,NA,NA,NA,NA,NA,NA,NA,0.054,NA,NA,NA,NA,NA,NA,NA,687.1709058,NA,NA,NA,NA,NA,NA,23839224,736544,1991620,354680,3947578,160884,372969,39139,NA,NA,34.1,NA,0,125.7522758,NA,0,4.212449049,1,4.3027422,NA
2058,NA,NA,NA,12.8870316,7.723999307,80.45524103,NA,NA,NA,NA,NA,NA,NA,NA,NA,NA,88826,NA,8722903,NA,NA,65,NA,NA,NA,NA,NA,NA,NA,NA,NA,NA,NA,NA,NA,NA,NA,35591000,NA,NA,NA,NA,NA,NA,NA,NA,NA,NA,16900,NA,NA,NA,NA,NA,NA,NA,18.3,NA,NA,NA,NA,NA,NA,NA,NA,NA,NA,0.054,NA,NA,NA,NA,NA,NA,NA,707.2514839,NA,NA,NA,NA,NA,NA,23531599,727963,1968421,349565,3883982,158676,368735,38662,NA,NA,34.1,NA,0,129.4270216,NA,0,4.33613584,1,4.246360012,NA
2059,NA,NA,NA,13.34566067,8.001155044,83.24244284,NA,NA,NA,NA,NA,NA,NA,NA,NA,NA,87783,NA,8600611,NA,NA,65,NA,NA,NA,NA,NA,NA,NA,NA,NA,NA,NA,NA,NA,NA,NA,35257000,NA,NA,NA,NA,NA,NA,NA,NA,NA,NA,16900,NA,NA,NA,NA,NA,NA,NA,18.3,NA,NA,NA,NA,NA,NA,NA,NA,NA,NA,0.054,NA,NA,NA,NA,NA,NA,NA,727.7998234,NA,NA,NA,NA,NA,NA,23227883,719354,1945130,344387,3823028,156515,364807,38180,NA,NA,34.1,NA,0,133.1873677,NA,0,4.460467609,1,4.187881242,NA
2060,NA,NA,NA,13.81913547,8.287085586,86.15275992,NA,NA,NA,NA,NA,NA,NA,NA,NA,NA,86737,NA,8476295,NA,NA,65,NA,NA,NA,NA,NA,NA,NA,NA,NA,NA,NA,NA,NA,NA,NA,34951000,NA,NA,NA,NA,NA,NA,NA,NA,NA,NA,16900,NA,NA,NA,NA,NA,NA,NA,18.3,NA,NA,NA,NA,NA,NA,NA,NA,NA,NA,0.054,NA,NA,NA,NA,NA,NA,NA,748.8792779,NA,NA,NA,NA,NA,NA,22926667,710683,1921691,339147,3762341,154391,361050,37687,NA,NA,34.1,NA,0,137.0449078,NA,0,4.586005467,1,4.128140413,NA
2061,NA,NA,NA,14.28860403,8.570757776,89.05090451,NA,NA,NA,NA,NA,NA,NA,NA,NA,NA,85680,NA,8350788,NA,NA,65,NA,NA,NA,NA,NA,NA,NA,NA,NA,NA,NA,NA,NA,NA,NA,34642000,NA,NA,NA,NA,NA,NA,NA,NA,NA,NA,16900,NA,NA,NA,NA,NA,NA,NA,18.3,NA,NA,NA,NA,NA,NA,NA,NA,NA,NA,0.054,NA,NA,NA,NA,NA,NA,NA,770.4294683,NA,NA,NA,NA,NA,NA,22622447,701927,1897993,333846,3702395,152281,357360,37167,NA,NA,34.1,NA,0,140.9885927,NA,0,4.713402365,1,4.067855527,NA
2062,NA,NA,NA,14.77049993,8.861680942,92.0512834,NA,NA,NA,NA,NA,NA,NA,NA,NA,NA,84611,NA,8228530,NA,NA,65,NA,NA,NA,NA,NA,NA,NA,NA,NA,NA,NA,NA,NA,NA,NA,34296000,NA,NA,NA,NA,NA,NA,NA,NA,NA,NA,16900,NA,NA,NA,NA,NA,NA,NA,18.3,NA,NA,NA,NA,NA,NA,NA,NA,NA,NA,0.054,NA,NA,NA,NA,NA,NA,NA,792.4364301,NA,NA,NA,NA,NA,NA,22315999,693076,1874064,328506,3645286,150155,353666,36632,NA,NA,34.1,NA,0,145.0158667,NA,0,4.843394269,1,4.00772005,NA
2063,NA,NA,NA,15.2626576,9.158381192,95.12330808,NA,NA,NA,NA,NA,NA,NA,NA,NA,NA,83533,NA,8105645,NA,NA,65,NA,NA,NA,NA,NA,NA,NA,NA,NA,NA,NA,NA,NA,NA,NA,33951000,NA,NA,NA,NA,NA,NA,NA,NA,NA,NA,16900,NA,NA,NA,NA,NA,NA,NA,18.3,NA,NA,NA,NA,NA,NA,NA,NA,NA,NA,0.054,NA,NA,NA,NA,NA,NA,NA,814.9196642,NA,NA,NA,NA,NA,NA,22008954,684146,1849943,323141,3588423,148019,350008,36079,NA,NA,34.1,NA,0,149.1302985,NA,0,4.976941486,1,3.948509178,NA
2064,NA,NA,NA,15.763961,9.460272239,98.26724942,NA,NA,NA,NA,NA,NA,NA,NA,NA,NA,82446,NA,7991457,NA,NA,65,NA,NA,NA,NA,NA,NA,NA,NA,NA,NA,NA,NA,NA,NA,NA,33605000,NA,NA,NA,NA,NA,NA,NA,NA,NA,NA,16900,NA,NA,NA,NA,NA,NA,NA,18.3,NA,NA,NA,NA,NA,NA,NA,NA,NA,NA,0.054,NA,NA,NA,NA,NA,NA,NA,837.8901812,NA,NA,NA,NA,NA,NA,21696534,675164,1825658,317775,3535387,145885,346324,35504,NA,NA,34.1,NA,0,153.3339032,NA,0,5.114650151,1,3.89056379,NA
2065,NA,NA,NA,16.2736094,9.76657934,101.453785,NA,NA,NA,NA,NA,NA,NA,NA,NA,NA,81355,NA,7881598,NA,NA,65,NA,NA,NA,NA,NA,NA,NA,NA,NA,NA,NA,NA,NA,NA,NA,33238000,NA,NA,NA,NA,NA,NA,NA,NA,NA,NA,16900,NA,NA,NA,NA,NA,NA,NA,18.3,NA,NA,NA,NA,NA,NA,NA,NA,NA,NA,0.054,NA,NA,NA,NA,NA,NA,NA,861.5532644,NA,NA,NA,NA,NA,NA,21394677,666156,1801294,312435,3485120,143793,342506,34921,NA,NA,34.1,NA,0,157.6642474,NA,0,5.259502517,1,3.836078506,NA
2066,NA,NA,NA,16.79229328,10.07785485,104.7013985,NA,NA,NA,NA,NA,NA,NA,NA,NA,NA,80260,NA,7760587,NA,NA,65,NA,NA,NA,NA,NA,NA,NA,NA,NA,NA,NA,NA,NA,NA,NA,32869000,NA,NA,NA,NA,NA,NA,NA,NA,NA,NA,16900,NA,NA,NA,NA,NA,NA,NA,18.3,NA,NA,NA,NA,NA,NA,NA,NA,NA,NA,0.054,NA,NA,NA,NA,NA,NA,NA,885.8067397,NA,NA,NA,NA,NA,NA,21088363,657127,1776893,307149,3431718,141732,338659,34327,NA,NA,34.1,NA,0,162.1026334,NA,0,5.406892914,1,3.780935839,NA
2067,NA,NA,NA,17.31017119,10.38890818,107.9855109,NA,NA,NA,NA,NA,NA,NA,NA,NA,NA,79165,NA,7636800,NA,NA,65,NA,NA,NA,NA,NA,NA,NA,NA,NA,NA,NA,NA,NA,NA,NA,32490000,NA,NA,NA,NA,NA,NA,NA,NA,NA,NA,16900,NA,NA,NA,NA,NA,NA,NA,18.3,NA,NA,NA,NA,NA,NA,NA,NA,NA,NA,0.054,NA,NA,NA,NA,NA,NA,NA,910.4491286,NA,NA,NA,NA,NA,NA,20781293,648119,1752504,301947,3378116,139723,334788,33732,NA,NA,34.1,NA,0,166.6121905,NA,0,5.551841961,1,3.721910901,NA
2068,NA,NA,NA,17.82951624,10.700804,111.299359,NA,NA,NA,NA,NA,NA,NA,NA,NA,NA,78072,NA,7512493,NA,NA,65,NA,NA,NA,NA,NA,NA,NA,NA,NA,NA,NA,NA,NA,NA,NA,32100000,NA,NA,NA,NA,NA,NA,NA,NA,NA,NA,16900,NA,NA,NA,NA,NA,NA,NA,18.3,NA,NA,NA,NA,NA,NA,NA,NA,NA,NA,0.054,NA,NA,NA,NA,NA,NA,NA,935.6143105,NA,NA,NA,NA,NA,NA,20474426,639127,1728202,296865,3325032,137720,330816,33135,NA,NA,34.1,NA,0,171.2174188,NA,0,5.697591708,1,3.662053559,NA
2069,NA,NA,NA,18.35101681,11.01399344,114.6479828,NA,NA,NA,NA,NA,NA,NA,NA,NA,NA,76984,NA,7389824,NA,NA,65,NA,NA,NA,NA,NA,NA,NA,NA,NA,NA,NA,NA,NA,NA,NA,31690000,NA,NA,NA,NA,NA,NA,NA,NA,NA,NA,16900,NA,NA,NA,NA,NA,NA,NA,18.3,NA,NA,NA,NA,NA,NA,NA,NA,NA,NA,0.054,NA,NA,NA,NA,NA,NA,NA,961.4240582,NA,NA,NA,NA,NA,NA,20171119,630191,1704039,291936,3273516,135750,326765,32542,NA,NA,34.1,NA,0,175.9406026,NA,0,5.845602226,1,3.602259222,NA
2070,NA,NA,NA,18.86898489,11.32512338,117.981468,NA,NA,NA,NA,NA,NA,NA,NA,NA,NA,75904,NA,7263098,NA,NA,65,NA,NA,NA,NA,NA,NA,NA,NA,NA,NA,NA,NA,NA,NA,NA,31272000,NA,NA,NA,NA,NA,NA,NA,NA,NA,NA,16900,NA,NA,NA,NA,NA,NA,NA,18.3,NA,NA,NA,NA,NA,NA,NA,NA,NA,NA,0.054,NA,NA,NA,NA,NA,NA,NA,987.8449764,NA,NA,NA,NA,NA,NA,19867583,621323,1680072,287184,3221299,133840,322762,31965,NA,NA,34.1,NA,0,180.7756307,NA,0,5.995675491,1,3.542371157,NA
2071,NA,NA,NA,19.39573614,11.64155133,121.4006418,NA,NA,NA,NA,NA,NA,NA,NA,NA,NA,74834,NA,7135862,NA,NA,65,NA,NA,NA,NA,NA,NA,NA,NA,NA,NA,NA,NA,NA,NA,NA,30829000,NA,NA,NA,NA,NA,NA,NA,NA,NA,NA,16900,NA,NA,NA,NA,NA,NA,NA,18.3,NA,NA,NA,NA,NA,NA,NA,NA,NA,NA,0.054,NA,NA,NA,NA,NA,NA,NA,1014.806729,NA,NA,NA,NA,NA,NA,19563570,612552,1656349,282639,3169803,131995,318791,31406,NA,NA,34.1,NA,0,185.7096313,NA,0,6.146029667,1,3.481368056,NA
2072,NA,NA,NA,19.94934546,11.97366531,125.021635,NA,NA,NA,NA,NA,NA,NA,NA,NA,NA,73776,NA,7013058,NA,NA,65,NA,NA,NA,NA,NA,NA,NA,NA,NA,NA,NA,NA,NA,NA,NA,30403000,NA,NA,NA,NA,NA,NA,NA,NA,NA,NA,16900,NA,NA,NA,NA,NA,NA,NA,18.3,NA,NA,NA,NA,NA,NA,NA,NA,NA,NA,0.054,NA,NA,NA,NA,NA,NA,NA,1042.447338,NA,NA,NA,NA,NA,NA,19262589,603886,1632914,278305,3120496,130194,314819,30865,NA,NA,34.1,NA,0,190.7678628,NA,0,6.299084386,1,3.420966011,NA
2073,NA,NA,NA,20.52361932,12.31767533,128.7818598,NA,NA,NA,NA,NA,NA,NA,NA,NA,NA,72731,NA,6893329,NA,NA,65,NA,NA,NA,NA,NA,NA,NA,NA,NA,NA,NA,NA,NA,NA,NA,30001000,NA,NA,NA,NA,NA,NA,NA,NA,NA,NA,16900,NA,NA,NA,NA,NA,NA,NA,18.3,NA,NA,NA,NA,NA,NA,NA,NA,NA,NA,0.054,NA,NA,NA,NA,NA,NA,NA,1070.863521,NA,NA,NA,NA,NA,NA,18963852,595332,1609801,274190,3072584,128435,310838,30351,NA,NA,34.1,NA,0,195.9680243,NA,0,6.457385174,1,3.362463293,NA
2074,NA,NA,NA,21.11502342,12.67161115,132.65708,NA,NA,NA,NA,NA,NA,NA,NA,NA,NA,71702,NA,6778609,NA,NA,65,NA,NA,NA,NA,NA,NA,NA,NA,NA,NA,NA,NA,NA,NA,NA,29622000,NA,NA,NA,NA,NA,NA,NA,NA,NA,NA,16900,NA,NA,NA,NA,NA,NA,NA,18.3,NA,NA,NA,NA,NA,NA,NA,NA,NA,NA,0.054,NA,NA,NA,NA,NA,NA,NA,1100.145002,NA,NA,NA,NA,NA,NA,18671416,586918,1587035,270288,3026563,126721,306809,29853,NA,NA,34.1,NA,0,201.3265354,NA,0,6.621317429,1,3.305784054,NA
2075,NA,NA,NA,21.72891911,13.03847858,136.6688388,NA,NA,NA,NA,NA,NA,NA,NA,NA,NA,70689,NA,6669617,NA,NA,65,NA,NA,NA,NA,NA,NA,NA,NA,NA,NA,NA,NA,NA,NA,NA,29234000,NA,NA,NA,NA,NA,NA,NA,NA,NA,NA,16900,NA,NA,NA,NA,NA,NA,NA,18.3,NA,NA,NA,NA,NA,NA,NA,NA,NA,NA,0.054,NA,NA,NA,NA,NA,NA,NA,1130.389875,NA,NA,NA,NA,NA,NA,18383993,578642,1564644,266586,2982603,125057,302735,29386,NA,NA,34.1,NA,0,206.8613472,NA,0,6.792723026,1,3.251713096,NA
2076,NA,NA,NA,22.37323983,13.42286834,140.8642743,NA,NA,NA,NA,NA,NA,NA,NA,NA,NA,69693,NA,6566766,NA,NA,65,NA,NA,NA,NA,NA,NA,NA,NA,NA,NA,NA,NA,NA,NA,NA,28865000,NA,NA,NA,NA,NA,NA,NA,NA,NA,NA,16900,NA,NA,NA,NA,NA,NA,NA,18.3,NA,NA,NA,NA,NA,NA,NA,NA,NA,NA,0.054,NA,NA,NA,NA,NA,NA,NA,1161.531979,NA,NA,NA,NA,NA,NA,18097469,570496,1542622,263057,2940589,123438,298613,28943,NA,NA,34.1,NA,0,212.5603521,NA,0,6.972657716,1,3.200425797,NA
2077,NA,NA,NA,23.04110876,13.8208001,145.186821,NA,NA,NA,NA,NA,NA,NA,NA,NA,NA,68714,NA,6470070,NA,NA,65,NA,NA,NA,NA,NA,NA,NA,NA,NA,NA,NA,NA,NA,NA,NA,28528000,NA,NA,NA,NA,NA,NA,NA,NA,NA,NA,16900,NA,NA,NA,NA,NA,NA,NA,18.3,NA,NA,NA,NA,NA,NA,NA,NA,NA,NA,0.054,NA,NA,NA,NA,NA,NA,NA,1193.600486,NA,NA,NA,NA,NA,NA,17816186,562487,1520986,259682,2900309,121855,294438,28519,NA,NA,34.1,NA,0,218.4288889,NA,0,7.162080585,1,3.152042331,NA
2078,NA,NA,NA,23.72881706,14.23013851,149.6025098,NA,NA,NA,NA,NA,NA,NA,NA,NA,NA,67751,NA,6378907,NA,NA,65,NA,NA,NA,NA,NA,NA,NA,NA,NA,NA,NA,NA,NA,NA,NA,28181000,NA,NA,NA,NA,NA,NA,NA,NA,NA,NA,16900,NA,NA,NA,NA,NA,NA,NA,18.3,NA,NA,NA,NA,NA,NA,NA,NA,NA,NA,0.054,NA,NA,NA,NA,NA,NA,NA,1226.742423,NA,NA,NA,NA,NA,NA,17542207,554626,1499716,256426,2861511,120283,290200,28125,NA,NA,34.1,NA,0,224.4938634,NA,0,7.361663514,1,3.106509099,NA
2079,NA,NA,NA,24.43830948,14.65205959,154.1228733,NA,NA,NA,NA,NA,NA,NA,NA,NA,NA,66805,NA,6292709,NA,NA,65,NA,NA,NA,NA,NA,NA,NA,NA,NA,NA,NA,NA,NA,NA,NA,27839000,NA,NA,NA,NA,NA,NA,NA,NA,NA,NA,16900,NA,NA,NA,NA,NA,NA,NA,18.3,NA,NA,NA,NA,NA,NA,NA,NA,NA,NA,0.054,NA,NA,NA,NA,NA,NA,NA,1261.039635,NA,NA,NA,NA,NA,NA,17276358,546892,1478803,253262,2823911,118722,285901,27747,NA,NA,34.1,NA,0,230.7702532,NA,0,7.571450161,1,3.063491568,NA
2080,NA,NA,NA,25.16652805,15.08480498,158.7246224,NA,NA,NA,NA,NA,NA,NA,NA,NA,NA,65875,NA,6210730,NA,NA,65,NA,NA,NA,NA,NA,NA,NA,NA,NA,NA,NA,NA,NA,NA,NA,27498000,NA,NA,NA,NA,NA,NA,NA,NA,NA,NA,16900,NA,NA,NA,NA,NA,NA,NA,18.3,NA,NA,NA,NA,NA,NA,NA,NA,NA,NA,0.054,NA,NA,NA,NA,NA,NA,NA,1296.485963,NA,NA,NA,NA,NA,NA,17016594,539288,1458245,250162,2787213,117185,281532,27391,NA,NA,34.1,NA,0,237.2569313,NA,0,7.791466666,1,3.022701269,NA
2081,NA,NA,NA,25.91151725,15.52727752,163.3951622,NA,NA,NA,NA,NA,NA,NA,NA,NA,NA,64960,NA,6132189,NA,NA,65,NA,NA,NA,NA,NA,NA,NA,NA,NA,NA,NA,NA,NA,NA,NA,27152000,NA,NA,NA,NA,NA,NA,NA,NA,NA,NA,16900,NA,NA,NA,NA,NA,NA,NA,18.3,NA,NA,NA,NA,NA,NA,NA,NA,NA,NA,0.054,NA,NA,NA,NA,NA,NA,NA,1333.090843,NA,NA,NA,NA,NA,NA,16764665,531806,1438012,247092,2751166,115669,277105,27046,NA,NA,34.1,NA,0,243.9556242,NA,0,8.021485723,1,2.98377139,NA
2082,NA,NA,NA,26.67240821,15.97901344,168.1309893,NA,NA,NA,NA,NA,NA,NA,NA,NA,NA,64060,NA,6056278,NA,NA,65,NA,NA,NA,NA,NA,NA,NA,NA,NA,NA,NA,NA,NA,NA,NA,26801000,NA,NA,NA,NA,NA,NA,NA,NA,NA,NA,16900,NA,NA,NA,NA,NA,NA,NA,18.3,NA,NA,NA,NA,NA,NA,NA,NA,NA,NA,0.054,NA,NA,NA,NA,NA,NA,NA,1370.939751,NA,NA,NA,NA,NA,NA,16521783,524435,1418078,244037,2715540,114156,272649,26716,NA,NA,34.1,NA,0,250.8819744,NA,0,8.261128269,1,2.946326175,NA
2083,NA,NA,NA,27.44901467,16.43995013,172.9346972,NA,NA,NA,NA,NA,NA,NA,NA,NA,NA,63173,NA,5982225,NA,NA,65,NA,NA,NA,NA,NA,NA,NA,NA,NA,NA,NA,NA,NA,NA,NA,26445000,NA,NA,NA,NA,NA,NA,NA,NA,NA,NA,16900,NA,NA,NA,NA,NA,NA,NA,18.3,NA,NA,NA,NA,NA,NA,NA,NA,NA,NA,0.054,NA,NA,NA,NA,NA,NA,NA,1410.053172,NA,NA,NA,NA,NA,NA,16286528,517175,1398442,240981,2680164,112644,268163,26394,NA,NA,34.1,NA,0,258.0397305,NA,0,8.509892648,1,2.90999418,NA
2084,NA,NA,NA,28.2422511,16.91068014,177.8183632,NA,NA,NA,NA,NA,NA,NA,NA,NA,NA,62298,NA,5909296,NA,NA,65,NA,NA,NA,NA,NA,NA,NA,NA,NA,NA,NA,NA,NA,NA,NA,26085000,NA,NA,NA,NA,NA,NA,NA,NA,NA,NA,16900,NA,NA,NA,NA,NA,NA,NA,18.3,NA,NA,NA,NA,NA,NA,NA,NA,NA,NA,0.054,NA,NA,NA,NA,NA,NA,NA,1450.415348,NA,NA,NA,NA,NA,NA,16058742,510006,1379070,237911,2644885,111128,263678,26076,NA,NA,34.1,NA,0,265.4260086,NA,0,8.767136214,1,2.874405545,NA
2085,NA,NA,NA,29.05317258,17.39188376,182.7957438,NA,NA,NA,NA,NA,NA,NA,NA,NA,NA,61434,NA,5836885,NA,NA,65,NA,NA,NA,NA,NA,NA,NA,NA,NA,NA,NA,NA,NA,NA,NA,25722000,NA,NA,NA,NA,NA,NA,NA,NA,NA,NA,16900,NA,NA,NA,NA,NA,NA,NA,18.3,NA,NA,NA,NA,NA,NA,NA,NA,NA,NA,0.054,NA,NA,NA,NA,NA,NA,NA,1492.033358,NA,NA,NA,NA,NA,NA,15837841,502932,1359949,234810,2609599,109609,259219,25758,NA,NA,34.1,NA,0,273.0421046,NA,0,9.032194986,1,2.839238706,NA
2086,NA,NA,NA,29.88283398,17.88424696,187.8812081,NA,NA,NA,NA,NA,NA,NA,NA,NA,NA,60582,NA,5764520,NA,NA,65,NA,NA,NA,NA,NA,NA,NA,NA,NA,NA,NA,NA,NA,NA,NA,25358000,NA,NA,NA,NA,NA,NA,NA,NA,NA,NA,16900,NA,NA,NA,NA,NA,NA,NA,18.3,NA,NA,NA,NA,NA,NA,NA,NA,NA,NA,0.054,NA,NA,NA,NA,NA,NA,NA,1534.899224,NA,NA,NA,NA,NA,NA,15622904,495952,1341068,231679,2574220,108093,254839,25443,NA,NA,34.1,NA,0,280.8865579,NA,0,9.304417183,1,2.804223496,NA
2087,NA,NA,NA,30.73243121,18.3885329,193.0892321,NA,NA,NA,NA,NA,NA,NA,NA,NA,NA,59740,NA,5691891,NA,NA,65,NA,NA,NA,NA,NA,NA,NA,NA,NA,NA,NA,NA,NA,NA,NA,24994000,NA,NA,NA,NA,NA,NA,NA,NA,NA,NA,16900,NA,NA,NA,NA,NA,NA,NA,18.3,NA,NA,NA,NA,NA,NA,NA,NA,NA,NA,0.054,NA,NA,NA,NA,NA,NA,NA,1578.998924,NA,NA,NA,NA,NA,NA,15413010,489045,1322399,228518,2538758,106578,250554,25130,NA,NA,34.1,NA,0,288.956803,NA,0,9.58327911,1,2.769171465,NA
2088,NA,NA,NA,31.60355768,18.90574191,198.4366351,NA,NA,NA,NA,NA,NA,NA,NA,NA,NA,58907,NA,5618795,NA,NA,65,NA,NA,NA,NA,NA,NA,NA,NA,NA,NA,NA,NA,NA,NA,NA,24632000,NA,NA,NA,NA,NA,NA,NA,NA,NA,NA,16900,NA,NA,NA,NA,NA,NA,NA,18.3,NA,NA,NA,NA,NA,NA,NA,NA,NA,NA,0.054,NA,NA,NA,NA,NA,NA,NA,1624.316457,NA,NA,NA,NA,NA,NA,15207202,482219,1303939,225323,2503214,105059,246416,24815,NA,NA,34.1,NA,0,297.2499116,NA,0,9.868358664,1,2.733952397,NA
2089,NA,NA,NA,32.49776844,19.43684852,203.9393095,NA,NA,NA,NA,NA,NA,NA,NA,NA,NA,58084,NA,5545121,NA,NA,65,NA,NA,NA,NA,NA,NA,NA,NA,NA,NA,NA,NA,NA,NA,NA,24273000,NA,NA,NA,NA,NA,NA,NA,NA,NA,NA,16900,NA,NA,NA,NA,NA,NA,NA,18.3,NA,NA,NA,NA,NA,NA,NA,NA,NA,NA,0.054,NA,NA,NA,NA,NA,NA,NA,1670.844672,NA,NA,NA,NA,NA,NA,15004607,475470,1285680,222103,2467645,103542,242431,24493,NA,NA,34.1,NA,0,305.7645751,NA,0,10.15933196,1,2.698485552,NA
2090,NA,NA,NA,33.41630791,19.9826376,209.6101105,NA,NA,NA,NA,NA,NA,NA,NA,NA,NA,57269,NA,5470809,NA,NA,65,NA,NA,NA,NA,NA,NA,NA,NA,NA,NA,NA,NA,NA,NA,NA,23918000,NA,NA,NA,NA,NA,NA,NA,NA,NA,NA,16900,NA,NA,NA,NA,NA,NA,NA,18.3,NA,NA,NA,NA,NA,NA,NA,NA,NA,NA,0.054,NA,NA,NA,NA,NA,NA,NA,1718.580071,NA,NA,NA,NA,NA,NA,14804459,468787,1267619,218857,2432093,102030,238621,24162,NA,NA,34.1,NA,0,314.500153,NA,0,10.45597383,1,2.662732024,NA
2091,NA,NA,NA,34.36024563,20.54379104,215.4601876,NA,NA,NA,NA,NA,NA,NA,NA,NA,NA,56463,NA,5395855,NA,NA,65,NA,NA,NA,NA,NA,NA,NA,NA,NA,NA,NA,NA,NA,NA,NA,23568000,NA,NA,NA,NA,NA,NA,NA,NA,NA,NA,16900,NA,NA,NA,NA,NA,NA,NA,18.3,NA,NA,NA,NA,NA,NA,NA,NA,NA,NA,0.054,NA,NA,NA,NA,NA,NA,NA,1767.520869,NA,NA,NA,NA,NA,NA,14606106,462176,1249749,215597,2396617,100528,234983,23833,NA,NA,34.1,NA,0,323.456319,NA,0,10.75810065,1,2.626672561,NA
2092,NA,NA,NA,35.33035115,21.12081725,221.4974782,NA,NA,NA,NA,NA,NA,NA,NA,NA,NA,55665,NA,5320326,NA,NA,65,NA,NA,NA,NA,NA,NA,NA,NA,NA,NA,NA,NA,NA,NA,NA,23224000,NA,NA,NA,NA,NA,NA,NA,NA,NA,NA,16900,NA,NA,NA,NA,NA,NA,NA,18.3,NA,NA,NA,NA,NA,NA,NA,NA,NA,NA,0.054,NA,NA,NA,NA,NA,NA,NA,1817.672359,NA,NA,NA,NA,NA,NA,14409065,455631,1232060,212329,2361286,99030,231522,23496,NA,NA,34.1,NA,0,332.6340418,NA,0,11.0656308,1,2.590321268,NA
2093,NA,NA,NA,36.32704018,21.71402058,227.7270122,NA,NA,NA,NA,NA,NA,NA,NA,NA,NA,54876,NA,5244303,NA,NA,65,NA,NA,NA,NA,NA,NA,NA,NA,NA,NA,NA,NA,NA,NA,NA,22886000,NA,NA,NA,NA,NA,NA,NA,NA,NA,NA,16900,NA,NA,NA,NA,NA,NA,NA,18.3,NA,NA,NA,NA,NA,NA,NA,NA,NA,NA,0.054,NA,NA,NA,NA,NA,NA,NA,1869.04609,NA,NA,NA,NA,NA,NA,14212939,449162,1214550,209061,2326166,97545,228220,23158,NA,NA,34.1,NA,0,342.0354344,NA,0,11.37856493,1,2.55371316,NA
2094,NA,NA,NA,37.35060028,22.32362537,234.1520214,NA,NA,NA,NA,NA,NA,NA,NA,NA,NA,54095,NA,5167897,NA,NA,65,NA,NA,NA,NA,NA,NA,NA,NA,NA,NA,NA,NA,NA,NA,NA,22554000,NA,NA,NA,NA,NA,NA,NA,NA,NA,NA,16900,NA,NA,NA,NA,NA,NA,NA,18.3,NA,NA,NA,NA,NA,NA,NA,NA,NA,NA,0.054,NA,NA,NA,NA,NA,NA,NA,1921.660194,NA,NA,NA,NA,NA,NA,14017483,442756,1197224,205807,2291323,96070,225066,22817,NA,NA,34.1,NA,0,351.6638155,NA,0,11.69696233,1,2.516895049,NA
2095,NA,NA,NA,38.40130027,22.94983719,240.7752143,NA,NA,NA,NA,NA,NA,NA,NA,NA,NA,53322,NA,5091229,NA,NA,65,NA,NA,NA,NA,NA,NA,NA,NA,NA,NA,NA,NA,NA,NA,NA,22227000,NA,NA,NA,NA,NA,NA,NA,NA,NA,NA,16900,NA,NA,NA,NA,NA,NA,NA,18.3,NA,NA,NA,NA,NA,NA,NA,NA,NA,NA,0.054,NA,NA,NA,NA,NA,NA,NA,1975.539515,NA,NA,NA,NA,NA,NA,13822506,436419,1180102,202576,2256804,94617,222047,22471,NA,NA,34.1,NA,0,361.5237313,NA,0,12.02092621,1,2.479920036,NA
2096,NA,NA,NA,39.47959028,23.5929548,247.5993932,NA,NA,NA,NA,NA,NA,NA,NA,NA,NA,52558,NA,5014451,NA,NA,65,NA,NA,NA,NA,NA,NA,NA,NA,NA,NA,NA,NA,NA,NA,NA,21907000,NA,NA,NA,NA,NA,NA,NA,NA,NA,NA,16900,NA,NA,NA,NA,NA,NA,NA,18.3,NA,NA,NA,NA,NA,NA,NA,NA,NA,NA,0.054,NA,NA,NA,NA,NA,NA,NA,2030.71503,NA,NA,NA,NA,NA,NA,13627978,430156,1163159,199378,2222661,93189,219145,22121,NA,NA,34.1,NA,0,371.6208506,NA,0,12.35066385,1,2.442859031,NA
2097,NA,NA,NA,40.5860477,24.25334417,254.6275734,NA,NA,NA,NA,NA,NA,NA,NA,NA,NA,51803,NA,4937731,NA,NA,65,NA,NA,NA,NA,NA,NA,NA,NA,NA,NA,NA,NA,NA,NA,NA,21592000,NA,NA,NA,NA,NA,NA,NA,NA,NA,NA,16900,NA,NA,NA,NA,NA,NA,NA,18.3,NA,NA,NA,NA,NA,NA,NA,NA,NA,NA,0.054,NA,NA,NA,NA,NA,NA,NA,2087.228451,NA,NA,NA,NA,NA,NA,13433934,423969,1146424,196227,2188936,91786,216346,21776,NA,NA,34.1,NA,0,381.9628066,NA,0,12.68646291,1,2.405790494,NA
2098,NA,NA,NA,41.72130278,24.93139592,261.8630008,NA,NA,NA,NA,NA,NA,NA,NA,NA,NA,51056,NA,4861273,NA,NA,65,NA,NA,NA,NA,NA,NA,NA,NA,NA,NA,NA,NA,NA,NA,NA,21282000,NA,NA,NA,NA,NA,NA,NA,NA,NA,NA,16900,NA,NA,NA,NA,NA,NA,NA,18.3,NA,NA,NA,NA,NA,NA,NA,NA,NA,NA,0.054,NA,NA,NA,NA,NA,NA,NA,2145.12876,NA,NA,NA,NA,NA,NA,13240532,417846,1129883,193127,2155690,90409,213628,21427,NA,NA,34.1,NA,0,392.5585631,NA,0,13.02868943,1,2.36879815,NA
2099,NA,NA,NA,42.88630443,25.62765692,269.3096328,NA,NA,NA,NA,NA,NA,NA,NA,NA,NA,50319,NA,4785293,NA,NA,65,NA,NA,NA,NA,NA,NA,NA,NA,NA,NA,NA,NA,NA,NA,NA,20978000,NA,NA,NA,NA,NA,NA,NA,NA,NA,NA,16900,NA,NA,NA,NA,NA,NA,NA,18.3,NA,NA,NA,NA,NA,NA,NA,NA,NA,NA,0.054,NA,NA,NA,NA,NA,NA,NA,2204.47439,NA,NA,NA,NA,NA,NA,13047920,411808,1113554,190095,2122967,89056,210975,21085,NA,NA,34.1,NA,0,403.4188133,NA,0,13.37788376,1,2.33198705,NA
2100,NA,NA,NA,44.08219576,26.3427771,276.9722004,NA,NA,NA,NA,NA,NA,NA,NA,NA,NA,49591,NA,4710025,NA,NA,65,NA,NA,NA,NA,NA,NA,NA,NA,NA,NA,NA,NA,NA,NA,NA,20679000,NA,NA,NA,NA,NA,NA,NA,NA,NA,NA,16900,NA,NA,NA,NA,NA,NA,NA,18.3,NA,NA,NA,NA,NA,NA,NA,NA,NA,NA,0.054,NA,NA,NA,NA,NA,NA,NA,2265.331953,NA,NA,NA,NA,NA,NA,12856334,405844,1097438,187130,2090815,87731,208370,20747,NA,NA,34.1,NA,0,414.5557473,NA,0,13.7346756,1,2.295460959,NA
2101,NA,NA,NA,45.31042697,27.0775635,284.8557816,NA,NA,NA,NA,NA,NA,NA,NA,NA,NA,48873,NA,4635719,NA,NA,65,NA,NA,NA,NA,NA,NA,NA,NA,NA,NA,NA,NA,NA,NA,NA,20386000,NA,NA,NA,NA,NA,NA,NA,NA,NA,NA,16900,NA,NA,NA,NA,NA,NA,NA,18.3,NA,NA,NA,NA,NA,NA,NA,NA,NA,NA,0.054,NA,NA,NA,NA,NA,NA,NA,2327.774182,NA,NA,NA,NA,NA,NA,12666021,399965,1081528,184249,2059274,86439,205797,20414,NA,NA,34.1,NA,0,425.9826753,NA,0,14.09987315,1,2.259338063,NA
2102,NA,NA,NA,46.57246886,27.83283088,292.9654857,NA,NA,NA,NA,NA,NA,NA,NA,NA,NA,48164,NA,4562616,NA,NA,65,NA,NA,NA,NA,NA,NA,NA,NA,NA,NA,NA,NA,NA,NA,NA,20097000,NA,NA,NA,NA,NA,NA,NA,NA,NA,NA,16900,NA,NA,NA,NA,NA,NA,NA,18.3,NA,NA,NA,NA,NA,NA,NA,NA,NA,NA,0.054,NA,NA,NA,NA,NA,NA,NA,2391.882271,NA,NA,NA,NA,NA,NA,12477253,394168,1065849,181447,2028378,85176,203248,20092,NA,NA,34.1,NA,0,437.7144555,NA,0,14.47439512,1,2.223733496,NA
2103,NA,NA,NA,47.86993097,28.60945859,301.3061348,NA,NA,NA,NA,NA,NA,NA,NA,NA,NA,47465,NA,4490938,NA,NA,65,NA,NA,NA,NA,NA,NA,NA,NA,NA,NA,NA,NA,NA,NA,NA,19814000,NA,NA,NA,NA,NA,NA,NA,NA,NA,NA,16900,NA,NA,NA,NA,NA,NA,NA,18.3,NA,NA,NA,NA,NA,NA,NA,NA,NA,NA,0.054,NA,NA,NA,NA,NA,NA,NA,2457.742547,NA,NA,NA,NA,NA,NA,12290350,388454,1050386,178731,1998171,83943,200704,19769,NA,NA,34.1,NA,0,449.7668861,NA,0,14.85926856,1,2.188758779,NA
2104,NA,NA,NA,49.20439361,29.40830489,309.8821009,NA,NA,NA,NA,NA,NA,NA,NA,NA,NA,46777,NA,4420873,NA,NA,65,NA,NA,NA,NA,NA,NA,NA,NA,NA,NA,NA,NA,NA,NA,NA,19535000,NA,NA,NA,NA,NA,NA,NA,NA,NA,NA,16900,NA,NA,NA,NA,NA,NA,NA,18.3,NA,NA,NA,NA,NA,NA,NA,NA,NA,NA,0.054,NA,NA,NA,NA,NA,NA,NA,2525.445225,NA,NA,NA,NA,NA,NA,12105603,382813,1035152,176101,1968647,82735,198167,19464,NA,NA,34.1,NA,0,462.1564761,NA,0,15.25557374,1,2.154512045,NA
2105,NA,NA,NA,50.57739692,30.23019984,318.6969237,NA,NA,NA,NA,NA,NA,NA,NA,NA,NA,46098,NA,4352590,NA,NA,65,NA,NA,NA,NA,NA,NA,NA,NA,NA,NA,NA,NA,NA,NA,NA,19261000,NA,NA,NA,NA,NA,NA,NA,NA,NA,NA,16900,NA,NA,NA,NA,NA,NA,NA,18.3,NA,NA,NA,NA,NA,NA,NA,NA,NA,NA,0.054,NA,NA,NA,NA,NA,NA,NA,2595.089514,NA,NA,NA,NA,NA,NA,11923304,377264,1020141,173556,1939828,81555,195631,19159,NA,NA,34.1,NA,0,474.9013811,NA,0,15.6644435,1,2.121079424,NA
2106,NA,NA,NA,51.99037188,31.07590918,327.7531368,NA,NA,NA,NA,NA,NA,NA,NA,NA,NA,45430,NA,4286216,NA,NA,65,NA,NA,NA,NA,NA,NA,NA,NA,NA,NA,NA,NA,NA,NA,NA,18991000,NA,NA,NA,NA,NA,NA,NA,NA,NA,NA,16900,NA,NA,NA,NA,NA,NA,NA,18.3,NA,NA,NA,NA,NA,NA,NA,NA,NA,NA,0.054,NA,NA,NA,NA,NA,NA,NA,2666.780747,NA,NA,NA,NA,NA,NA,11743747,371798,1005359,171093,1911698,80401,193088,18869,NA,NA,34.1,NA,0,488.0208768,NA,0,16.0870383,1,2.088532082,NA
2107,NA,NA,NA,53.4445834,31.946114,337.0528015,NA,NA,NA,NA,NA,NA,NA,NA,NA,NA,44772,NA,4221842,NA,NA,65,NA,NA,NA,NA,NA,NA,NA,NA,NA,NA,NA,NA,NA,NA,NA,18725000,NA,NA,NA,NA,NA,NA,NA,NA,NA,NA,16900,NA,NA,NA,NA,NA,NA,NA,18.3,NA,NA,NA,NA,NA,NA,NA,NA,NA,NA,0.054,NA,NA,NA,NA,NA,NA,NA,2740.624132,NA,NA,NA,NA,NA,NA,11567195,366416,990810,168712,1884252,79270,190537,18589,NA,NA,34.1,NA,0,501.5342161,NA,0,16.52448258,1,2.056919253,NA
2108,NA,NA,NA,54.94142915,32.84155999,346.597912,NA,NA,NA,NA,NA,NA,NA,NA,NA,NA,44124,NA,4159509,NA,NA,65,NA,NA,NA,NA,NA,NA,NA,NA,NA,NA,NA,NA,NA,NA,NA,18463000,NA,NA,NA,NA,NA,NA,NA,NA,NA,NA,16900,NA,NA,NA,NA,NA,NA,NA,18.3,NA,NA,NA,NA,NA,NA,NA,NA,NA,NA,0.054,NA,NA,NA,NA,NA,NA,NA,2816.720616,NA,NA,NA,NA,NA,NA,11393891,361114,976484,166395,1857464,78162,187982,18316,NA,NA,34.1,NA,0,515.4598727,NA,0,16.97789363,1,2.026275697,NA
2109,NA,NA,NA,56.48218965,33.76294526,356.3909992,NA,NA,NA,NA,NA,NA,NA,NA,NA,NA,43487,NA,4099192,NA,NA,65,NA,NA,NA,NA,NA,NA,NA,NA,NA,NA,NA,NA,NA,NA,NA,18205000,NA,NA,NA,NA,NA,NA,NA,NA,NA,NA,16900,NA,NA,NA,NA,NA,NA,NA,18.3,NA,NA,NA,NA,NA,NA,NA,NA,NA,NA,0.054,NA,NA,NA,NA,NA,NA,NA,2895.176257,NA,NA,NA,NA,NA,NA,11223992,355908,962394,164146,1831293,77075,185420,18056,NA,NA,34.1,NA,0,529.817255,NA,0,17.44825067,1,1.996606745,NA
2110,NA,NA,NA,58.06689667,34.71036058,366.4351695,NA,NA,NA,NA,NA,NA,NA,NA,NA,NA,42860,NA,4040681,NA,NA,65,NA,NA,NA,NA,NA,NA,NA,NA,NA,NA,NA,NA,NA,NA,NA,17949000,NA,NA,NA,NA,NA,NA,NA,NA,NA,NA,16900,NA,NA,NA,NA,NA,NA,NA,18.3,NA,NA,NA,NA,NA,NA,NA,NA,NA,NA,0.054,NA,NA,NA,NA,NA,NA,NA,2976.213886,NA,NA,NA,NA,NA,NA,11055537,353325,948419,161949,1805453,76269,182838,17804,NA,NA,34.1,NA,0,544.6471412,NA,0,17.93601883,1,1.967849902,NA
